Ts_real_s,time_s,PWM_input,omega_rad_s,current_A,RPM
0.000000,0.003001,0.00,0.000000,0.000200,0.000
0.003000,0.006001,0.00,0.000000,-0.000200,0.000
0.003000,0.009001,0.00,0.000000,0.000300,0.000
0.003000,0.012001,0.00,0.000000,0.000100,0.000
0.003000,0.015001,0.00,0.000000,0.000000,0.000
0.003000,0.018001,0.00,0.000000,0.000000,0.000
0.003000,0.021001,0.00,0.000000,-0.000100,0.000
0.003000,0.024001,0.00,0.000000,0.000100,0.000
0.003000,0.027001,0.00,0.000000,0.000100,0.000
0.003000,0.030001,0.00,0.000000,0.000000,0.000
0.003000,0.033001,0.00,0.000000,0.000100,0.000
0.003000,0.036001,0.00,0.000000,0.000300,0.000
0.003000,0.039001,0.00,0.000000,0.000200,0.000
0.003000,0.042001,0.00,0.000000,-0.000100,0.000
0.003000,0.045001,0.00,0.000000,0.000000,0.000
0.003000,0.048001,0.00,0.000000,0.000200,0.000
0.003000,0.051001,0.00,0.000000,0.000100,0.000
0.003000,0.054001,0.00,0.000000,0.000200,0.000
0.003000,0.057001,0.00,0.000000,0.000300,0.000
0.003000,0.060001,0.00,0.000000,0.000400,0.000
0.003000,0.063001,0.00,0.000000,0.000400,0.000
0.003000,0.066001,0.00,0.000000,0.000300,0.000
0.003000,0.069001,0.00,0.000000,0.000300,0.000
0.003000,0.072001,0.00,0.000000,0.000300,0.000
0.003000,0.075001,0.00,0.000000,0.000100,0.000
0.003000,0.078001,0.00,0.000000,0.000100,0.000
0.003000,0.081001,0.00,0.000000,0.000200,0.000
0.003000,0.084001,0.00,0.000000,0.000300,0.000
0.003000,0.087001,0.00,0.000000,0.000000,0.000
0.003000,0.090001,0.00,0.000000,0.000400,0.000
0.003000,0.093001,0.00,0.000000,0.000200,0.000
0.003000,0.096001,0.00,0.000000,0.000400,0.000
0.003000,0.099001,0.00,0.000000,0.000000,0.000
0.003000,0.102001,0.00,0.000000,0.000100,0.000
0.003000,0.105001,0.00,0.000000,0.000200,0.000
0.003000,0.108001,0.00,0.000000,0.000200,0.000
0.003000,0.111001,0.00,0.000000,0.000200,0.000
0.003000,0.114001,0.00,0.000000,0.000100,0.000
0.003000,0.117001,0.00,0.000000,0.000200,0.000
0.003000,0.120001,0.00,0.000000,0.000300,0.000
0.003000,0.123001,0.00,0.000000,0.000300,0.000
0.003000,0.126001,0.00,0.000000,0.000100,0.000
0.003000,0.129001,0.00,0.000000,0.000200,0.000
0.003000,0.132001,0.00,0.000000,0.000200,0.000
0.003000,0.135001,0.00,0.000000,0.000300,0.000
0.003000,0.138001,0.00,0.000000,0.000000,0.000
0.003000,0.141001,0.00,0.000000,0.000300,0.000
0.003000,0.144001,0.00,0.000000,0.000200,0.000
0.003000,0.147001,0.00,0.000000,0.000300,0.000
0.003000,0.150001,0.00,0.000000,0.000200,0.000
0.003000,0.153001,0.00,0.000000,0.000300,0.000
0.003000,0.156001,0.00,0.000000,-0.000100,0.000
0.003000,0.159001,0.00,0.000000,0.000100,0.000
0.003000,0.162001,0.00,0.000000,0.000300,0.000
0.003000,0.165001,0.00,0.000000,0.000200,0.000
0.003000,0.168001,0.00,0.000000,0.000000,0.000
0.003000,0.171001,0.00,0.000000,0.000100,0.000
0.003000,0.174001,0.00,0.000000,0.000100,0.000
0.003000,0.177001,0.00,0.000000,0.000200,0.000
0.003000,0.180001,0.00,0.000000,0.000100,0.000
0.003000,0.183001,0.00,0.000000,0.000100,0.000
0.003000,0.186001,0.00,0.000000,0.000100,0.000
0.003000,0.189001,0.00,0.000000,0.000200,0.000
0.003000,0.192001,0.00,0.000000,0.000000,0.000
0.003000,0.195001,0.00,0.000000,0.000400,0.000
0.003000,0.198001,0.00,0.000000,0.000000,0.000
0.003000,0.201001,0.00,0.000000,0.000000,0.000
0.003000,0.204001,0.00,0.000000,0.000200,0.000
0.003000,0.207001,0.00,0.000000,0.000000,0.000
0.003000,0.210001,0.00,0.000000,0.000400,0.000
0.003000,0.213001,0.00,0.000000,0.000000,0.000
0.003000,0.216001,0.00,0.000000,0.000300,0.000
0.003000,0.219001,0.00,0.000000,-0.000100,0.000
0.003000,0.222001,0.00,0.000000,0.000000,0.000
0.003000,0.225001,0.00,0.000000,0.000100,0.000
0.003000,0.228001,0.00,0.000000,0.000000,0.000
0.003000,0.231001,0.00,0.000000,0.000200,0.000
0.003000,0.234001,0.00,0.000000,0.000100,0.000
0.003000,0.237001,0.00,0.000000,0.000200,0.000
0.003000,0.240001,0.00,0.000000,0.000100,0.000
0.003000,0.243001,0.00,0.000000,0.000100,0.000
0.003000,0.246001,0.00,0.000000,0.000100,0.000
0.003000,0.249001,0.00,0.000000,-0.000100,0.000
0.003000,0.252001,0.00,0.000000,0.000400,0.000
0.003000,0.255001,0.00,0.000000,0.000300,0.000
0.003000,0.258001,0.00,0.000000,0.000000,0.000
0.003000,0.261001,0.00,0.000000,-0.000100,0.000
0.003000,0.264001,0.00,0.000000,0.000000,0.000
0.003000,0.267001,0.00,0.000000,0.000100,0.000
0.003000,0.270001,0.00,0.000000,0.000000,0.000
0.003000,0.273001,0.00,0.000000,0.000300,0.000
0.003000,0.276001,0.00,0.000000,0.000100,0.000
0.003000,0.279001,0.00,0.000000,0.000200,0.000
0.003000,0.282001,0.00,0.000000,0.000100,0.000
0.003000,0.285001,0.00,0.000000,0.000000,0.000
0.003000,0.288001,0.00,0.000000,-0.000100,0.000
0.003000,0.291001,0.00,0.000000,0.000300,0.000
0.003000,0.294001,0.00,0.000000,0.000200,0.000
0.003000,0.297001,0.00,0.000000,0.000100,0.000
0.003000,0.300001,0.00,0.000000,0.000200,0.000
0.003000,0.303001,0.00,0.000000,0.000100,0.000
0.003000,0.306001,0.00,0.000000,0.000200,0.000
0.003000,0.309001,0.00,0.000000,0.000000,0.000
0.003000,0.312001,0.00,0.000000,0.000400,0.000
0.003000,0.315001,0.00,0.000000,0.000300,0.000
0.003000,0.318001,0.00,0.000000,0.000200,0.000
0.003000,0.321001,0.00,0.000000,0.000100,0.000
0.003000,0.324001,0.00,0.000000,0.000300,0.000
0.003000,0.327001,0.00,0.000000,0.000100,0.000
0.003000,0.330001,0.00,0.000000,0.000000,0.000
0.003000,0.333001,0.00,0.000000,0.000000,0.000
0.003000,0.336001,0.00,0.000000,0.000000,0.000
0.003000,0.339001,0.00,0.000000,0.000100,0.000
0.003000,0.342001,0.00,0.000000,0.000000,0.000
0.003000,0.345001,0.00,0.000000,0.000100,0.000
0.003000,0.348001,0.00,0.000000,0.000000,0.000
0.003000,0.351001,0.00,0.000000,0.000100,0.000
0.003000,0.354001,0.00,0.000000,-0.000100,0.000
0.003000,0.357001,0.00,0.000000,0.000200,0.000
0.003000,0.360001,0.00,0.000000,0.000400,0.000
0.003000,0.363001,0.00,0.000000,0.000000,0.000
0.003000,0.366001,0.00,0.000000,0.000100,0.000
0.003000,0.369001,0.00,0.000000,0.000100,0.000
0.003000,0.372001,0.00,0.000000,0.000200,0.000
0.003000,0.375001,0.00,0.000000,0.000200,0.000
0.003000,0.378001,0.00,0.000000,0.000200,0.000
0.003000,0.381001,0.00,0.000000,0.000000,0.000
0.003000,0.384001,0.00,0.000000,0.000200,0.000
0.003000,0.387001,0.00,0.000000,0.000000,0.000
0.003000,0.390001,0.00,0.000000,0.000100,0.000
0.003000,0.393001,0.00,0.000000,0.000200,0.000
0.003000,0.396001,0.00,0.000000,0.000200,0.000
0.003000,0.399001,0.00,0.000000,0.000200,0.000
0.003000,0.402001,0.00,0.000000,0.000000,0.000
0.003000,0.405001,0.00,0.000000,0.000300,0.000
0.003000,0.408001,0.00,0.000000,0.000100,0.000
0.003000,0.411001,0.00,0.000000,0.000300,0.000
0.003000,0.414001,0.00,0.000000,0.000100,0.000
0.003000,0.417001,0.00,0.000000,0.000100,0.000
0.003000,0.420001,0.00,0.000000,0.000000,0.000
0.003000,0.423001,0.00,0.000000,0.000000,0.000
0.003000,0.426001,0.00,0.000000,0.000400,0.000
0.003000,0.429001,0.00,0.000000,0.000200,0.000
0.003000,0.432001,0.00,0.000000,0.000100,0.000
0.003000,0.435001,0.00,0.000000,0.000200,0.000
0.003000,0.438001,0.00,0.000000,0.000400,0.000
0.003000,0.441001,0.00,0.000000,0.000000,0.000
0.003000,0.444001,0.00,0.000000,0.000400,0.000
0.003000,0.447001,0.00,0.000000,-0.000100,0.000
0.003000,0.450001,0.00,0.000000,0.000100,0.000
0.003000,0.453001,0.00,0.000000,0.000300,0.000
0.003000,0.456001,0.00,0.000000,0.000100,0.000
0.003000,0.459001,0.00,0.000000,0.000100,0.000
0.003000,0.462001,0.00,0.000000,0.000000,0.000
0.003000,0.465001,0.00,0.000000,0.000100,0.000
0.003000,0.468001,0.00,0.000000,0.000100,0.000
0.003000,0.471001,0.00,0.000000,0.000100,0.000
0.003000,0.474001,0.00,0.000000,0.000200,0.000
0.003000,0.477001,0.00,0.000000,0.000000,0.000
0.003000,0.480001,0.00,0.000000,0.000000,0.000
0.003000,0.483001,0.00,0.000000,0.000200,0.000
0.003000,0.486001,0.00,0.000000,0.000100,0.000
0.003000,0.489001,0.00,0.000000,0.000100,0.000
0.003000,0.492001,0.00,0.000000,0.000200,0.000
0.003000,0.495001,0.00,0.000000,0.000100,0.000
0.003000,0.498001,0.00,0.000000,0.000000,0.000
0.003000,0.501001,0.00,0.000000,0.000300,0.000
0.003000,0.504001,0.00,0.000000,0.000000,0.000
0.003000,0.507001,0.00,0.000000,0.000200,0.000
0.003000,0.510001,0.00,0.000000,0.000200,0.000
0.003000,0.513001,0.00,0.000000,0.000000,0.000
0.003000,0.516001,0.00,0.000000,-0.000200,0.000
0.003000,0.519001,0.00,0.000000,0.000000,0.000
0.003000,0.522001,0.00,0.000000,0.000100,0.000
0.003000,0.525001,0.00,0.000000,0.000200,0.000
0.003000,0.528001,0.00,0.000000,0.000100,0.000
0.003000,0.531001,0.00,0.000000,0.000300,0.000
0.003000,0.534001,0.00,0.000000,0.000200,0.000
0.003000,0.537001,0.00,0.000000,-0.000100,0.000
0.003000,0.540001,0.00,0.000000,0.000000,0.000
0.003000,0.543001,0.00,0.000000,0.000100,0.000
0.003000,0.546001,0.00,0.000000,0.000300,0.000
0.003000,0.549001,0.00,0.000000,0.000100,0.000
0.003000,0.552001,0.00,0.000000,0.000100,0.000
0.003000,0.555001,0.00,0.000000,-0.000100,0.000
0.003000,0.558001,0.00,0.000000,0.000000,0.000
0.003000,0.561001,0.00,0.000000,0.000200,0.000
0.003000,0.564001,0.00,0.000000,-0.000100,0.000
0.003000,0.567001,0.00,0.000000,0.000300,0.000
0.003000,0.570001,0.00,0.000000,0.000200,0.000
0.003000,0.573001,0.00,0.000000,0.000200,0.000
0.003000,0.576001,0.00,0.000000,0.000100,0.000
0.003000,0.579001,0.00,0.000000,0.000500,0.000
0.003000,0.582001,0.00,0.000000,0.000400,0.000
0.003000,0.585001,0.00,0.000000,0.000300,0.000
0.003000,0.588001,0.00,0.000000,0.000100,0.000
0.003000,0.591001,0.00,0.000000,0.000000,0.000
0.003000,0.594001,0.00,0.000000,0.000200,0.000
0.003000,0.597001,0.00,0.000000,0.000000,0.000
0.003000,0.600001,0.00,0.000000,0.000200,0.000
0.003000,0.603001,0.00,0.000000,0.000200,0.000
0.003000,0.606001,0.00,0.000000,-0.000200,0.000
0.003000,0.609001,0.00,0.000000,-0.000100,0.000
0.003000,0.612001,0.00,0.000000,-0.000100,0.000
0.003000,0.615001,0.00,0.000000,0.000100,0.000
0.003000,0.618001,0.00,0.000000,0.000000,0.000
0.003000,0.621001,0.00,0.000000,-0.000100,0.000
0.003000,0.624001,0.00,0.000000,-0.000100,0.000
0.003000,0.627001,0.00,0.000000,0.000200,0.000
0.003000,0.630001,0.00,0.000000,0.000100,0.000
0.003000,0.633001,0.00,0.000000,0.000200,0.000
0.003000,0.636001,0.00,0.000000,0.000000,0.000
0.003000,0.639001,0.00,0.000000,0.000100,0.000
0.003000,0.642001,0.00,0.000000,0.000000,0.000
0.003000,0.645001,0.00,0.000000,0.000100,0.000
0.003000,0.648001,0.00,0.000000,0.000000,0.000
0.003000,0.651001,0.00,0.000000,0.000000,0.000
0.003000,0.654001,0.00,0.000000,0.000200,0.000
0.003000,0.657001,0.00,0.000000,0.000400,0.000
0.003000,0.660001,0.00,0.000000,0.000000,0.000
0.003000,0.663001,0.00,0.000000,0.000000,0.000
0.003000,0.666001,0.00,0.000000,0.000300,0.000
0.003000,0.669001,0.00,0.000000,0.000000,0.000
0.003000,0.672001,0.00,0.000000,0.000100,0.000
0.003000,0.675001,0.00,0.000000,0.000100,0.000
0.003000,0.678001,0.00,0.000000,0.000000,0.000
0.003000,0.681001,0.00,0.000000,0.000000,0.000
0.003000,0.684001,0.00,0.000000,0.000200,0.000
0.003000,0.687001,0.00,0.000000,0.000100,0.000
0.003000,0.690001,0.00,0.000000,0.000400,0.000
0.003000,0.693001,0.00,0.000000,0.000100,0.000
0.003000,0.696001,0.00,0.000000,0.000300,0.000
0.003000,0.699001,0.00,0.000000,-0.000100,0.000
0.003000,0.702001,0.00,0.000000,-0.000100,0.000
0.003000,0.705001,0.00,0.000000,0.000100,0.000
0.003000,0.708001,0.00,0.000000,0.000200,0.000
0.003000,0.711001,0.00,0.000000,0.000300,0.000
0.003000,0.714001,0.00,0.000000,0.000200,0.000
0.003000,0.717001,0.00,0.000000,-0.000100,0.000
0.003000,0.720001,0.00,0.000000,0.000000,0.000
0.003000,0.723001,0.00,0.000000,0.000200,0.000
0.003000,0.726001,0.00,0.000000,0.000100,0.000
0.003000,0.729001,0.00,0.000000,0.000200,0.000
0.003000,0.732001,0.00,0.000000,0.000100,0.000
0.003000,0.735001,0.00,0.000000,0.000300,0.000
0.003000,0.738001,0.00,0.000000,0.000100,0.000
0.003000,0.741001,0.00,0.000000,0.000100,0.000
0.003000,0.744001,0.00,0.000000,0.000400,0.000
0.003000,0.747001,0.00,0.000000,0.000300,0.000
0.003000,0.750001,0.00,0.000000,0.000200,0.000
0.003000,0.753001,0.00,0.000000,0.000300,0.000
0.003000,0.756001,0.00,0.000000,0.000200,0.000
0.003000,0.759001,0.00,0.000000,0.000200,0.000
0.003000,0.762001,0.00,0.000000,0.000200,0.000
0.003000,0.765001,0.00,0.000000,0.000100,0.000
0.003000,0.768001,0.00,0.000000,0.000300,0.000
0.003000,0.771001,0.00,0.000000,0.000100,0.000
0.003000,0.774001,0.00,0.000000,0.000200,0.000
0.003000,0.777001,0.00,0.000000,0.000000,0.000
0.003000,0.780001,0.00,0.000000,0.000100,0.000
0.003000,0.783001,0.00,0.000000,0.000000,0.000
0.003000,0.786001,0.00,0.000000,0.000200,0.000
0.003000,0.789001,0.00,0.000000,0.000100,0.000
0.003000,0.792001,0.00,0.000000,0.000200,0.000
0.003000,0.795001,0.00,0.000000,0.000100,0.000
0.003000,0.798001,0.00,0.000000,0.000100,0.000
0.003000,0.801001,0.00,0.000000,0.000200,0.000
0.003000,0.804001,0.00,0.000000,0.000000,0.000
0.003000,0.807001,0.00,0.000000,0.000000,0.000
0.003000,0.810001,0.00,0.000000,0.000200,0.000
0.003000,0.813001,0.00,0.000000,0.000000,0.000
0.003000,0.816001,0.00,0.000000,0.000200,0.000
0.003000,0.819001,0.00,0.000000,-0.000200,0.000
0.003000,0.822001,0.00,0.000000,0.000200,0.000
0.003000,0.825001,0.00,0.000000,0.000200,0.000
0.003000,0.828001,0.00,0.000000,0.000200,0.000
0.003000,0.831001,0.00,0.000000,0.000100,0.000
0.003000,0.834001,0.00,0.000000,0.000200,0.000
0.003000,0.837001,0.00,0.000000,0.000200,0.000
0.003000,0.840001,0.00,0.000000,0.000200,0.000
0.003000,0.843001,0.00,0.000000,0.000200,0.000
0.003000,0.846001,0.00,0.000000,0.000100,0.000
0.003000,0.849001,0.00,0.000000,0.000300,0.000
0.003000,0.852001,0.00,0.000000,0.000100,0.000
0.003000,0.855001,0.00,0.000000,0.000300,0.000
0.003000,0.858001,0.00,0.000000,0.000300,0.000
0.003000,0.861001,0.00,0.000000,0.000400,0.000
0.003000,0.864001,0.00,0.000000,0.000100,0.000
0.003000,0.867001,0.00,0.000000,0.000300,0.000
0.003000,0.870001,0.00,0.000000,0.000100,0.000
0.003000,0.873001,0.00,0.000000,0.000000,0.000
0.003000,0.876001,0.00,0.000000,0.000400,0.000
0.003000,0.879001,0.00,0.000000,0.000100,0.000
0.003000,0.882001,0.00,0.000000,0.000100,0.000
0.003000,0.885001,0.00,0.000000,0.000100,0.000
0.003000,0.888001,0.00,0.000000,0.000100,0.000
0.003000,0.891001,0.00,0.000000,-0.000100,0.000
0.003000,0.894001,0.00,0.000000,0.000100,0.000
0.003000,0.897001,0.00,0.000000,-0.000100,0.000
0.003000,0.900001,0.00,0.000000,-0.000200,0.000
0.003000,0.903001,0.00,0.000000,0.000100,0.000
0.003000,0.906001,0.00,0.000000,0.000000,0.000
0.003000,0.909001,0.00,0.000000,0.000000,0.000
0.003000,0.912001,0.00,0.000000,0.000000,0.000
0.003000,0.915001,0.00,0.000000,0.000400,0.000
0.003000,0.918001,0.00,0.000000,0.000200,0.000
0.003000,0.921001,0.00,0.000000,0.000000,0.000
0.003000,0.924001,0.00,0.000000,0.000100,0.000
0.003000,0.927001,0.00,0.000000,0.000000,0.000
0.003000,0.930001,0.00,0.000000,-0.000200,0.000
0.003000,0.933001,0.00,0.000000,0.000300,0.000
0.003000,0.936001,0.00,0.000000,0.000400,0.000
0.003000,0.939001,0.00,0.000000,0.000100,0.000
0.003000,0.942001,0.00,0.000000,0.000200,0.000
0.003000,0.945001,0.00,0.000000,0.000100,0.000
0.003000,0.948001,0.00,0.000000,0.000400,0.000
0.003000,0.951001,0.00,0.000000,0.000100,0.000
0.003000,0.954001,0.00,0.000000,0.000100,0.000
0.003000,0.957001,0.00,0.000000,0.000200,0.000
0.003000,0.960001,0.00,0.000000,0.000200,0.000
0.003000,0.963001,0.00,0.000000,0.000200,0.000
0.003000,0.966001,0.00,0.000000,0.000200,0.000
0.003000,0.969001,0.00,0.000000,0.000200,0.000
0.003000,0.972001,0.00,0.000000,0.000100,0.000
0.003000,0.975001,0.00,0.000000,0.000000,0.000
0.003000,0.978001,0.00,0.000000,0.000200,0.000
0.003000,0.981001,0.00,0.000000,0.000000,0.000
0.003000,0.984001,0.00,0.000000,0.000300,0.000
0.003000,0.987001,0.00,0.000000,0.000200,0.000
0.003000,0.990001,0.00,0.000000,0.000000,0.000
0.003000,0.993001,0.00,0.000000,-0.000100,0.000
0.003000,0.996001,0.00,0.000000,0.000200,0.000
0.003000,0.999001,0.00,0.000000,0.000000,0.000
-0.996000,1.003001,90.00,0.000000,1.951800,0.000
0.003000,1.006001,90.00,4.086624,1.708900,39.024
0.003000,1.009001,90.00,8.173248,1.669400,78.049
0.003000,1.012001,90.00,10.216561,1.271200,97.561
0.003000,1.015001,90.00,14.303185,1.037900,136.585
0.003000,1.018001,90.00,16.346497,0.984700,156.098
0.003000,1.021001,90.00,8.173248,0.952100,78.049
0.003000,1.024001,90.00,20.433123,0.954000,195.122
0.003000,1.027001,90.00,20.433123,0.891100,195.122
0.003000,1.030001,90.00,24.519747,0.663500,234.146
0.003000,1.033001,90.00,12.259873,0.560600,117.073
0.003000,1.036001,90.00,26.563059,0.604500,253.659
0.003000,1.039001,90.00,26.563059,0.541500,253.659
0.003000,1.042001,90.00,24.519747,0.437100,234.146
0.003000,1.045001,90.00,20.433123,0.460800,195.122
0.003000,1.048001,90.00,28.606371,0.429700,273.171
0.003000,1.051001,90.00,28.606371,0.352200,273.171
0.003000,1.054001,90.00,20.433123,0.335800,195.122
0.003000,1.057001,90.00,28.606371,0.286100,273.171
0.003000,1.060001,90.00,28.606371,0.262000,273.171
0.003000,1.063001,90.00,24.519747,0.263900,234.146
0.003000,1.066001,90.00,28.606371,0.280200,273.171
0.003000,1.069001,90.00,32.692993,0.221100,312.195
0.003000,1.072001,90.00,24.519747,0.191700,234.146
0.003000,1.075001,90.00,28.606371,0.215100,273.171
0.003000,1.078001,90.00,32.692993,0.198600,312.195
0.003000,1.081001,90.00,24.519747,0.168000,234.146
0.003000,1.084001,90.00,32.692993,0.154600,312.195
0.003000,1.087001,90.00,28.606371,0.190000,273.171
0.003000,1.090001,90.00,24.519747,0.188900,234.146
0.003000,1.093001,90.00,32.692993,0.141200,312.195
0.003000,1.096001,90.00,24.519747,0.202800,234.146
0.003000,1.099001,90.00,32.692993,0.149000,312.195
0.003000,1.102001,90.00,32.692993,0.122400,312.195
0.003000,1.105001,90.00,16.346497,0.168700,156.098
0.003000,1.108001,90.00,32.692993,0.122600,312.195
0.003000,1.111001,90.00,32.692993,0.130200,312.195
0.003000,1.114001,90.00,24.519747,0.148400,234.146
0.003000,1.117001,90.00,32.692993,0.109300,312.195
0.003000,1.120001,90.00,32.692993,0.143700,312.195
0.003000,1.123001,90.00,28.606371,0.139400,273.171
0.003000,1.126001,90.00,32.692993,0.120400,312.195
0.003000,1.129001,90.00,24.519747,0.168800,234.146
0.003000,1.132001,90.00,32.692993,0.104000,312.195
0.003000,1.135001,90.00,32.692993,0.115600,312.195
0.003000,1.138001,90.00,24.519747,0.124200,234.146
0.003000,1.141001,90.00,32.692993,0.111200,312.195
0.003000,1.144001,90.00,28.606371,0.112100,273.171
0.003000,1.147001,90.00,24.519747,0.087600,234.146
0.003000,1.150001,90.00,32.692993,0.145400,312.195
0.003000,1.153001,90.00,24.519747,0.131000,234.146
0.003000,1.156001,90.00,32.692993,0.091700,312.195
0.003000,1.159001,90.00,32.692993,0.133800,312.195
0.003000,1.162001,90.00,28.606371,0.098700,273.171
0.003000,1.165001,90.00,32.692993,0.130000,312.195
0.003000,1.168001,90.00,32.692993,0.089500,312.195
0.003000,1.171001,90.00,24.519747,0.087000,234.146
0.003000,1.174001,90.00,32.692993,0.102800,312.195
0.003000,1.177001,90.00,28.606371,0.084700,273.171
0.003000,1.180001,90.00,32.692993,0.135700,312.195
0.003000,1.183001,90.00,32.692993,0.097900,312.195
0.003000,1.186001,90.00,24.519747,0.116400,234.146
0.003000,1.189001,90.00,32.692993,0.112400,312.195
0.003000,1.192001,90.00,36.779621,0.095400,351.220
0.003000,1.195001,90.00,24.519747,0.118100,234.146
0.003000,1.198001,90.00,32.692993,0.083300,312.195
0.003000,1.201001,90.00,32.692993,0.142200,312.195
0.003000,1.204001,90.00,24.519747,0.103800,234.146
0.003000,1.207001,90.00,36.779621,0.140200,351.220
0.003000,1.210001,90.00,24.519747,0.116600,234.146
0.003000,1.213001,90.00,32.692993,0.085900,312.195
0.003000,1.216001,90.00,32.692993,0.110800,312.195
0.003000,1.219001,90.00,26.563059,0.081800,253.659
0.003000,1.222001,90.00,34.736305,0.126800,331.707
0.003000,1.225001,90.00,32.692993,0.075600,312.195
0.003000,1.228001,90.00,24.519747,0.107300,234.146
0.003000,1.231001,90.00,32.692993,0.125300,312.195
0.003000,1.234001,90.00,20.433123,0.091000,195.122
0.003000,1.237001,90.00,32.692993,0.125700,312.195
0.003000,1.240001,90.00,32.692993,0.082000,312.195
0.003000,1.243001,90.00,20.433123,0.126400,195.122
0.003000,1.246001,90.00,34.736305,0.092000,331.707
0.003000,1.249001,90.00,34.736305,0.089700,331.707
0.003000,1.252001,90.00,24.519747,0.128400,234.146
0.003000,1.255001,90.00,32.692993,0.084600,312.195
0.003000,1.258001,90.00,24.519747,0.149700,234.146
0.003000,1.261001,90.00,36.779621,0.083800,351.220
0.003000,1.264001,90.00,32.692993,0.102900,312.195
0.003000,1.267001,90.00,24.519747,0.095800,234.146
0.003000,1.270001,90.00,32.692993,0.084900,312.195
0.003000,1.273001,90.00,36.779621,0.088600,351.220
0.003000,1.276001,90.00,24.519747,0.075700,234.146
0.003000,1.279001,90.00,32.692993,0.147300,312.195
0.003000,1.282001,90.00,24.519747,0.101500,234.146
0.003000,1.285001,90.00,34.736305,0.107700,331.707
0.003000,1.288001,90.00,34.736305,0.091400,331.707
0.003000,1.291001,90.00,16.346497,0.108600,156.098
0.003000,1.294001,90.00,32.692993,0.108300,312.195
0.003000,1.297001,90.00,34.736305,0.070700,331.707
0.003000,1.300001,90.00,26.563059,0.127100,253.659
0.003000,1.303001,90.00,32.692993,0.099300,312.195
0.003000,1.306001,90.00,24.519747,0.143900,234.146
0.003000,1.309001,90.00,34.736305,0.096300,331.707
0.003000,1.312001,90.00,34.736305,0.085600,331.707
0.003000,1.315001,90.00,24.519747,0.118800,234.146
0.003000,1.318001,90.00,32.692993,0.079800,312.195
0.003000,1.321001,90.00,32.692993,0.136600,312.195
0.003000,1.324001,90.00,28.606371,0.073700,273.171
0.003000,1.327001,90.00,32.692993,0.135800,312.195
0.003000,1.330001,90.00,24.519747,0.111700,234.146
0.003000,1.333001,90.00,32.692993,0.083000,312.195
0.003000,1.336001,90.00,36.779621,0.106800,351.220
0.003000,1.339001,90.00,16.346497,0.089200,156.098
0.003000,1.342001,90.00,32.692993,0.125200,312.195
0.003000,1.345001,90.00,32.692993,0.072800,312.195
0.003000,1.348001,90.00,28.606371,0.111600,273.171
0.003000,1.351001,90.00,32.692993,0.115700,312.195
0.003000,1.354001,90.00,24.519747,0.088300,234.146
0.003000,1.357001,90.00,32.692993,0.109600,312.195
0.003000,1.360001,90.00,34.736305,0.077900,331.707
0.003000,1.363001,90.00,26.563059,0.125600,253.659
0.003000,1.366001,90.00,32.692993,0.086200,312.195
0.003000,1.369001,90.00,32.692993,0.103500,312.195
0.003000,1.372001,90.00,26.563059,0.083300,253.659
0.003000,1.375001,90.00,34.736305,0.105800,331.707
0.003000,1.378001,90.00,16.346497,0.138600,156.098
0.003000,1.381001,90.00,32.692993,0.080200,312.195
0.003000,1.384001,90.00,32.692993,0.108000,312.195
0.003000,1.387001,90.00,28.606371,0.089000,273.171
0.003000,1.390001,90.00,32.692993,0.119700,312.195
0.003000,1.393001,90.00,32.692993,0.079900,312.195
0.003000,1.396001,90.00,26.563059,0.082500,253.659
0.003000,1.399001,90.00,34.736305,0.142100,331.707
0.003000,1.402001,90.00,24.519747,0.091700,234.146
0.003000,1.405001,90.00,32.692993,0.130000,312.195
0.003000,1.408001,90.00,32.692993,0.083000,312.195
0.003000,1.411001,90.00,28.606371,0.119500,273.171
0.003000,1.414001,90.00,32.692993,0.096200,312.195
0.003000,1.417001,90.00,28.606371,0.078300,273.171
0.003000,1.420001,90.00,24.519747,0.129300,234.146
0.003000,1.423001,90.00,36.779621,0.083200,351.220
0.003000,1.426001,90.00,24.519747,0.147200,234.146
0.003000,1.429001,90.00,32.692993,0.084800,312.195
0.003000,1.432001,90.00,32.692993,0.098300,312.195
0.003000,1.435001,90.00,20.433123,0.096900,195.122
0.003000,1.438001,90.00,32.692993,0.081200,312.195
0.003000,1.441001,90.00,32.692993,0.088000,312.195
0.003000,1.444001,90.00,24.519747,0.071900,234.146
0.003000,1.447001,90.00,34.736305,0.145000,331.707
0.003000,1.450001,90.00,26.563059,0.099900,253.659
0.003000,1.453001,90.00,32.692993,0.103700,312.195
0.003000,1.456001,90.00,32.692993,0.093300,312.195
0.003000,1.459001,90.00,28.606371,0.107300,273.171
0.003000,1.462001,90.00,32.692993,0.109000,312.195
0.003000,1.465001,90.00,32.692993,0.071000,312.195
0.003000,1.468001,90.00,24.519747,0.129000,234.146
0.003000,1.471001,90.00,34.736305,0.098300,331.707
0.003000,1.474001,90.00,26.563059,0.143100,253.659
0.003000,1.477001,90.00,32.692993,0.093500,312.195
0.003000,1.480001,90.00,32.692993,0.085500,312.195
0.003000,1.483001,90.00,28.606371,0.114800,273.171
0.003000,1.486001,90.00,32.692993,0.077900,312.195
0.003000,1.489001,90.00,32.692993,0.102100,312.195
0.003000,1.492001,90.00,24.519747,0.072300,234.146
0.003000,1.495001,90.00,34.736305,0.138000,331.707
0.003000,1.498001,90.00,26.563059,0.109700,253.659
0.003000,1.501001,90.00,32.692993,0.085900,312.195
0.003000,1.504001,90.00,32.692993,0.104600,312.195
0.003000,1.507001,90.00,28.606371,0.090700,273.171
0.003000,1.510001,90.00,32.692993,0.119500,312.195
0.003000,1.513001,90.00,24.519747,0.068900,234.146
0.003000,1.516001,90.00,24.519747,0.117300,234.146
0.003000,1.519001,90.00,34.736305,0.106800,331.707
0.003000,1.522001,90.00,26.563059,0.132200,253.659
0.003000,1.525001,90.00,32.692993,0.102100,312.195
0.003000,1.528001,90.00,32.692993,0.078600,312.195
0.003000,1.531001,90.00,20.433123,0.125100,195.122
0.003000,1.534001,90.00,32.692993,0.080700,312.195
0.003000,1.537001,90.00,32.692993,0.126900,312.195
0.003000,1.540001,90.00,24.519747,0.076700,234.146
0.003000,1.543001,90.00,34.736305,0.127200,331.707
0.003000,1.546001,90.00,22.476435,0.118900,214.634
0.003000,1.549001,90.00,32.692993,0.078600,312.195
0.003000,1.552001,90.00,32.692993,0.106800,312.195
0.003000,1.555001,90.00,28.606371,0.086700,273.171
0.003000,1.558001,90.00,32.692993,0.122700,312.195
0.003000,1.561001,90.00,32.692993,0.072000,312.195
0.003000,1.564001,90.00,24.519747,0.105200,234.146
0.003000,1.567001,90.00,34.736305,0.115300,331.707
0.003000,1.570001,90.00,26.563059,0.086000,253.659
0.003000,1.573001,90.00,32.692993,0.110100,312.195
0.003000,1.576001,90.00,32.692993,0.076700,312.195
0.003000,1.579001,90.00,28.606371,0.125400,273.171
0.003000,1.582001,90.00,32.692993,0.085700,312.195
0.003000,1.585001,90.00,32.692993,0.101900,312.195
0.003000,1.588001,90.00,24.519747,0.083300,234.146
0.003000,1.591001,90.00,34.736305,0.104500,331.707
0.003000,1.594001,90.00,26.563059,0.135100,253.659
0.003000,1.597001,90.00,32.692993,0.076800,312.195
0.003000,1.600001,90.00,32.692993,0.105300,312.195
0.003000,1.603001,90.00,28.606371,0.085200,273.171
0.003000,1.606001,90.00,32.692993,0.119900,312.195
0.003000,1.609001,90.00,32.692993,0.078700,312.195
0.003000,1.612001,90.00,24.519747,0.084800,234.146
0.003000,1.615001,90.00,34.736305,0.137400,331.707
0.003000,1.618001,90.00,26.563059,0.089400,253.659
0.003000,1.621001,90.00,32.692993,0.125700,312.195
0.003000,1.624001,90.00,32.692993,0.080200,312.195
0.003000,1.627001,90.00,28.606371,0.119100,273.171
0.003000,1.630001,90.00,32.692993,0.092400,312.195
0.003000,1.633001,90.00,32.692993,0.082000,312.195
0.003000,1.636001,90.00,24.519747,0.129000,234.146
0.003000,1.639001,90.00,34.736305,0.087500,331.707
0.003000,1.642001,90.00,18.389811,0.146500,175.610
0.003000,1.645001,90.00,32.692993,0.081300,312.195
0.003000,1.648001,90.00,32.692993,0.100900,312.195
0.003000,1.651001,90.00,20.433123,0.092400,195.122
0.003000,1.654001,90.00,32.692993,0.112100,312.195
0.003000,1.657001,90.00,24.519747,0.083600,234.146
0.003000,1.660001,90.00,24.519747,0.072800,234.146
0.003000,1.663001,90.00,34.736305,0.143500,331.707
0.003000,1.666001,90.00,26.563059,0.093800,253.659
0.003000,1.669001,90.00,32.692993,0.110100,312.195
0.003000,1.672001,90.00,32.692993,0.086600,312.195
0.003000,1.675001,90.00,20.433123,0.114400,195.122
0.003000,1.678001,90.00,32.692993,0.100000,312.195
0.003000,1.681001,90.00,24.519747,0.072400,234.146
0.003000,1.684001,90.00,24.519747,0.130000,234.146
0.003000,1.687001,90.00,36.779621,0.078200,351.220
0.003000,1.690001,90.00,24.519747,0.144800,234.146
0.003000,1.693001,90.00,32.692993,0.086900,312.195
0.003000,1.696001,90.00,32.692993,0.094200,312.195
0.003000,1.699001,90.00,20.433123,0.101600,195.122
0.003000,1.702001,90.00,32.692993,0.078000,312.195
0.003000,1.705001,90.00,24.519747,0.091300,234.146
0.003000,1.708001,90.00,24.519747,0.070500,234.146
0.003000,1.711001,90.00,36.779621,0.142600,351.220
0.003000,1.714001,90.00,24.519747,0.102300,234.146
0.003000,1.717001,90.00,32.692993,0.095100,312.195
0.003000,1.720001,90.00,32.692993,0.095500,312.195
0.003000,1.723001,90.00,20.433123,0.099200,195.122
0.003000,1.726001,90.00,32.692993,0.112800,312.195
0.003000,1.729001,90.00,32.692993,0.069100,312.195
0.003000,1.732001,90.00,24.519747,0.123300,234.146
0.003000,1.735001,90.00,34.736305,0.100100,331.707
0.003000,1.738001,90.00,18.389811,0.137600,175.610
0.003000,1.741001,90.00,32.692993,0.095600,312.195
0.003000,1.744001,90.00,32.692993,0.081800,312.195
0.003000,1.747001,90.00,20.433123,0.117200,195.122
0.003000,1.750001,90.00,32.692993,0.077900,312.195
0.003000,1.753001,90.00,24.519747,0.104300,234.146
0.003000,1.756001,90.00,24.519747,0.072500,234.146
0.003000,1.759001,90.00,34.736305,0.135000,331.707
0.003000,1.762001,90.00,18.389811,0.111900,175.610
0.003000,1.765001,90.00,32.692993,0.082600,312.195
0.003000,1.768001,90.00,32.692993,0.106200,312.195
0.003000,1.771001,90.00,20.433123,0.088300,195.122
0.003000,1.774001,90.00,32.692993,0.120700,312.195
0.003000,1.777001,90.00,24.519747,0.069400,234.146
0.003000,1.780001,90.00,24.519747,0.110900,234.146
0.003000,1.783001,90.00,36.779621,0.108300,351.220
0.003000,1.786001,90.00,16.346497,0.125600,156.098
0.003000,1.789001,90.00,32.692993,0.104200,312.195
0.003000,1.792001,90.00,32.692993,0.076500,312.195
0.003000,1.795001,90.00,20.433123,0.123400,195.122
0.003000,1.798001,90.00,32.692993,0.082400,312.195
0.003000,1.801001,90.00,24.519747,0.118600,234.146
0.003000,1.804001,90.00,24.519747,0.076400,234.146
0.003000,1.807001,90.00,36.779621,0.120700,351.220
0.003000,1.810001,90.00,16.346497,0.119900,156.098
0.003000,1.813001,90.00,32.692993,0.076400,312.195
0.003000,1.816001,90.00,32.692993,0.106200,312.195
0.003000,1.819001,90.00,20.433123,0.085400,195.122
0.003000,1.822001,90.00,32.692993,0.122200,312.195
0.003000,1.825001,90.00,24.519747,0.074200,234.146
0.003000,1.828001,90.00,24.519747,0.098300,234.146
0.003000,1.831001,90.00,36.779621,0.122700,351.220
0.003000,1.834001,90.00,16.346497,0.085100,156.098
0.003000,1.837001,90.00,32.692993,0.113700,312.195
0.003000,1.840001,90.00,32.692993,0.076800,312.195
0.003000,1.843001,90.00,20.433123,0.122500,195.122
0.003000,1.846001,90.00,32.692993,0.087100,312.195
0.003000,1.849001,90.00,24.519747,0.095900,234.146
0.003000,1.852001,90.00,26.563059,0.083800,253.659
0.003000,1.855001,90.00,34.736305,0.100600,331.707
0.003000,1.858001,90.00,16.346497,0.136600,156.098
0.003000,1.861001,90.00,32.692993,0.076300,312.195
0.003000,1.864001,90.00,32.692993,0.106000,312.195
0.003000,1.867001,90.00,28.606371,0.086100,273.171
0.003000,1.870001,90.00,32.692993,0.118700,312.195
0.003000,1.873001,90.00,32.692993,0.079700,312.195
0.003000,1.876001,90.00,26.563059,0.082200,253.659
0.003000,1.879001,90.00,34.736305,0.138200,331.707
0.003000,1.882001,90.00,16.346497,0.088700,156.098
0.003000,1.885001,90.00,32.692993,0.125700,312.195
0.003000,1.888001,90.00,32.692993,0.081500,312.195
0.003000,1.891001,90.00,20.433123,0.118700,195.122
0.003000,1.894001,90.00,32.692993,0.093200,312.195
0.003000,1.897001,90.00,28.606371,0.081600,273.171
0.003000,1.900001,90.00,26.563059,0.127900,253.659
0.003000,1.903001,90.00,34.736305,0.086600,331.707
0.003000,1.906001,90.00,16.346497,0.144300,156.098
0.003000,1.909001,90.00,32.692993,0.080000,312.195
0.003000,1.912001,90.00,32.692993,0.101200,312.195
0.003000,1.915001,90.00,20.433123,0.092000,195.122
0.003000,1.918001,90.00,32.692993,0.112500,312.195
0.003000,1.921001,90.00,32.692993,0.084400,312.195
0.003000,1.924001,90.00,26.563059,0.073100,253.659
0.003000,1.927001,90.00,34.736305,0.144400,331.707
0.003000,1.930001,90.00,16.346497,0.094000,156.098
0.003000,1.933001,90.00,32.692993,0.110200,312.195
0.003000,1.936001,90.00,32.692993,0.086500,312.195
0.003000,1.939001,90.00,20.433123,0.114800,195.122
0.003000,1.942001,90.00,32.692993,0.099200,312.195
0.003000,1.945001,90.00,32.692993,0.072700,312.195
0.003000,1.948001,90.00,26.563059,0.129900,253.659
0.003000,1.951001,90.00,34.736305,0.078200,331.707
0.003000,1.954001,90.00,16.346497,0.142900,156.098
0.003000,1.957001,90.00,32.692993,0.084800,312.195
0.003000,1.960001,90.00,32.692993,0.094200,312.195
0.003000,1.963001,90.00,20.433123,0.098200,195.122
0.003000,1.966001,90.00,32.692993,0.077600,312.195
0.003000,1.969001,90.00,32.692993,0.090800,312.195
0.003000,1.972001,90.00,26.563059,0.070800,253.659
0.003000,1.975001,90.00,34.736305,0.143600,331.707
0.003000,1.978001,90.00,16.346497,0.099700,156.098
0.003000,1.981001,90.00,32.692993,0.098700,312.195
0.003000,1.984001,90.00,34.736305,0.094100,331.707
0.003000,1.987001,90.00,26.563059,0.101800,253.659
0.003000,1.990001,90.00,32.692993,0.107800,312.195
0.003000,1.993001,90.00,32.692993,0.068500,312.195
0.003000,1.996001,90.00,28.606371,0.125200,273.171
0.003000,1.999001,90.00,32.692993,0.095800,312.195
-0.996000,2.003001,0.00,0.000000,0.000200,0.000
0.003000,2.006001,0.00,0.000000,0.000200,0.000
0.002999,2.009000,0.00,0.000000,0.000000,0.000
0.003000,2.012000,0.00,0.000000,0.000000,0.000
0.003001,2.015001,0.00,0.000000,0.000300,0.000
0.002999,2.018000,0.00,0.000000,0.000000,0.000
0.003000,2.021000,0.00,0.000000,0.000100,0.000
0.003001,2.024001,0.00,0.000000,0.000100,0.000
0.002999,2.027000,0.00,0.000000,0.000200,0.000
0.003000,2.030000,0.00,0.000000,0.000300,0.000
0.003001,2.033001,0.00,0.000000,0.000200,0.000
0.002999,2.036000,0.00,0.000000,-0.000100,0.000
0.003000,2.039000,0.00,0.000000,0.000300,0.000
0.003001,2.042001,0.00,0.000000,0.000100,0.000
0.002999,2.045000,0.00,0.000000,0.000200,0.000
0.003000,2.048000,0.00,0.000000,-0.000100,0.000
0.003001,2.051001,0.00,0.000000,0.000100,0.000
0.002999,2.054000,0.00,0.000000,0.000200,0.000
0.003000,2.057000,0.00,0.000000,0.000100,0.000
0.003001,2.060001,0.00,0.000000,0.000200,0.000
0.002999,2.063000,0.00,0.000000,0.000000,0.000
0.003000,2.066000,0.00,0.000000,0.000300,0.000
0.003001,2.069001,0.00,0.000000,0.000100,0.000
0.002999,2.072000,0.00,0.000000,0.000100,0.000
0.003000,2.075000,0.00,0.000000,0.000200,0.000
0.003001,2.078001,0.00,0.000000,0.000100,0.000
0.002999,2.081000,0.00,0.000000,0.000100,0.000
0.003000,2.084000,0.00,0.000000,-0.000100,0.000
0.003001,2.087001,0.00,0.000000,-0.000100,0.000
0.002999,2.090000,0.00,0.000000,0.000100,0.000
0.003000,2.093000,0.00,0.000000,0.000300,0.000
0.003001,2.096001,0.00,0.000000,0.000100,0.000
0.002999,2.099000,0.00,0.000000,0.000200,0.000
0.003000,2.102000,0.00,0.000000,0.000100,0.000
0.003001,2.105001,0.00,0.000000,0.000100,0.000
0.002999,2.108000,0.00,0.000000,0.000000,0.000
0.003000,2.111000,0.00,0.000000,0.000000,0.000
0.003001,2.114001,0.00,0.000000,0.000200,0.000
0.002999,2.117000,0.00,0.000000,0.000300,0.000
0.003000,2.120000,0.00,0.000000,0.000400,0.000
0.003001,2.123001,0.00,0.000000,0.000200,0.000
0.002999,2.126000,0.00,0.000000,0.000400,0.000
0.003000,2.129000,0.00,0.000000,0.000400,0.000
0.003001,2.132001,0.00,0.000000,0.000100,0.000
0.002999,2.135000,0.00,0.000000,0.000200,0.000
0.003000,2.138000,0.00,0.000000,0.000100,0.000
0.003001,2.141001,0.00,0.000000,0.000200,0.000
0.002999,2.144000,0.00,0.000000,0.000200,0.000
0.003000,2.147000,0.00,0.000000,0.000300,0.000
0.003001,2.150001,0.00,0.000000,0.000200,0.000
0.002999,2.153000,0.00,0.000000,0.000300,0.000
0.003000,2.156000,0.00,0.000000,0.000400,0.000
0.003001,2.159001,0.00,0.000000,0.000100,0.000
0.002999,2.162000,0.00,0.000000,-0.000100,0.000
0.003000,2.165000,0.00,0.000000,0.000200,0.000
0.003001,2.168001,0.00,0.000000,0.000100,0.000
0.002999,2.171000,0.00,0.000000,0.000200,0.000
0.003000,2.174000,0.00,0.000000,-0.000100,0.000
0.003001,2.177001,0.00,0.000000,0.000200,0.000
0.002999,2.180000,0.00,0.000000,0.000400,0.000
0.003000,2.183000,0.00,0.000000,0.000100,0.000
0.003001,2.186001,0.00,0.000000,0.000200,0.000
0.002999,2.189000,0.00,0.000000,0.000100,0.000
0.003000,2.192000,0.00,0.000000,0.000000,0.000
0.003001,2.195001,0.00,0.000000,0.000100,0.000
0.002999,2.198000,0.00,0.000000,0.000200,0.000
0.003000,2.201000,0.00,0.000000,0.000000,0.000
0.003001,2.204001,0.00,0.000000,-0.000200,0.000
0.002999,2.207000,0.00,0.000000,0.000000,0.000
0.003000,2.210000,0.00,0.000000,0.000100,0.000
0.003001,2.213001,0.00,0.000000,0.000300,0.000
0.002999,2.216000,0.00,0.000000,-0.000100,0.000
0.003000,2.219000,0.00,0.000000,-0.000100,0.000
0.003001,2.222001,0.00,0.000000,0.000100,0.000
0.002999,2.225000,0.00,0.000000,0.000100,0.000
0.003000,2.228000,0.00,0.000000,0.000300,0.000
0.003001,2.231001,0.00,0.000000,0.000100,0.000
0.002999,2.234000,0.00,0.000000,-0.000100,0.000
0.003000,2.237000,0.00,0.000000,0.000300,0.000
0.003001,2.240001,0.00,0.000000,0.000300,0.000
0.002999,2.243000,0.00,0.000000,0.000100,0.000
0.003000,2.246000,0.00,0.000000,0.000100,0.000
0.003001,2.249001,0.00,0.000000,0.000000,0.000
0.002999,2.252000,0.00,0.000000,0.000300,0.000
0.003000,2.255000,0.00,0.000000,0.000000,0.000
0.003001,2.258001,0.00,0.000000,0.000300,0.000
0.002999,2.261000,0.00,0.000000,0.000100,0.000
0.003000,2.264000,0.00,0.000000,0.000100,0.000
0.003001,2.267001,0.00,0.000000,0.000000,0.000
0.002999,2.270000,0.00,0.000000,0.000300,0.000
0.003000,2.273000,0.00,0.000000,0.000200,0.000
0.003001,2.276001,0.00,0.000000,0.000100,0.000
0.002999,2.279000,0.00,0.000000,0.000100,0.000
0.003000,2.282000,0.00,0.000000,0.000500,0.000
0.003001,2.285001,0.00,0.000000,0.000100,0.000
0.002999,2.288000,0.00,0.000000,0.000200,0.000
0.003000,2.291000,0.00,0.000000,0.000000,0.000
0.003001,2.294001,0.00,0.000000,0.000200,0.000
0.002999,2.297000,0.00,0.000000,0.000300,0.000
0.003000,2.300000,0.00,0.000000,0.000300,0.000
0.003001,2.303001,0.00,0.000000,0.000000,0.000
0.002999,2.306000,0.00,0.000000,0.000200,0.000
0.003000,2.309000,0.00,0.000000,-0.000200,0.000
0.003001,2.312001,0.00,0.000000,0.000200,0.000
0.002999,2.315000,0.00,0.000000,0.000200,0.000
0.003000,2.318000,0.00,0.000000,0.000200,0.000
0.003001,2.321001,0.00,0.000000,0.000300,0.000
0.002999,2.324000,0.00,0.000000,-0.000100,0.000
0.003000,2.327000,0.00,0.000000,0.000000,0.000
0.003001,2.330001,0.00,0.000000,-0.000100,0.000
0.002999,2.333000,0.00,0.000000,0.000100,0.000
0.003000,2.336000,0.00,0.000000,0.000200,0.000
0.003001,2.339001,0.00,0.000000,0.000100,0.000
0.002999,2.342000,0.00,0.000000,0.000200,0.000
0.003000,2.345000,0.00,0.000000,0.000300,0.000
0.003001,2.348001,0.00,0.000000,0.000100,0.000
0.002999,2.351000,0.00,0.000000,0.000000,0.000
0.003000,2.354000,0.00,0.000000,0.000100,0.000
0.003001,2.357001,0.00,0.000000,0.000300,0.000
0.002999,2.360000,0.00,0.000000,0.000200,0.000
0.003000,2.363000,0.00,0.000000,0.000100,0.000
0.003001,2.366001,0.00,0.000000,0.000100,0.000
0.002999,2.369000,0.00,0.000000,-0.000200,0.000
0.003000,2.372000,0.00,0.000000,0.000200,0.000
0.003001,2.375001,0.00,0.000000,0.000200,0.000
0.002999,2.378000,0.00,0.000000,0.000000,0.000
0.003000,2.381000,0.00,0.000000,0.000000,0.000
0.003001,2.384001,0.00,0.000000,0.000300,0.000
0.002999,2.387000,0.00,0.000000,0.000000,0.000
0.003000,2.390000,0.00,0.000000,0.000300,0.000
0.003001,2.393001,0.00,0.000000,0.000100,0.000
0.002999,2.396000,0.00,0.000000,0.000200,0.000
0.003000,2.399000,0.00,0.000000,0.000200,0.000
0.003001,2.402001,0.00,0.000000,0.000000,0.000
0.002999,2.405000,0.00,0.000000,0.000000,0.000
0.003000,2.408000,0.00,0.000000,0.000200,0.000
0.003001,2.411001,0.00,0.000000,0.000000,0.000
0.002999,2.414000,0.00,0.000000,0.000200,0.000
0.003000,2.417000,0.00,0.000000,0.000100,0.000
0.003001,2.420001,0.00,0.000000,0.000100,0.000
0.002999,2.423000,0.00,0.000000,0.000100,0.000
0.003000,2.426000,0.00,0.000000,0.000200,0.000
0.003001,2.429001,0.00,0.000000,0.000000,0.000
0.002999,2.432000,0.00,0.000000,0.000500,0.000
0.003000,2.435000,0.00,0.000000,0.000200,0.000
0.003001,2.438001,0.00,0.000000,0.000000,0.000
0.002999,2.441000,0.00,0.000000,0.000200,0.000
0.003000,2.444000,0.00,0.000000,0.000000,0.000
0.003001,2.447001,0.00,0.000000,0.000300,0.000
0.002999,2.450000,0.00,0.000000,0.000000,0.000
0.003000,2.453000,0.00,0.000000,0.000300,0.000
0.003001,2.456001,0.00,0.000000,0.000200,0.000
0.002999,2.459000,0.00,0.000000,0.000100,0.000
0.003000,2.462000,0.00,0.000000,0.000200,0.000
0.003001,2.465001,0.00,0.000000,0.000300,0.000
0.002999,2.468000,0.00,0.000000,0.000400,0.000
0.003000,2.471000,0.00,0.000000,0.000200,0.000
0.003001,2.474001,0.00,0.000000,0.000300,0.000
0.002999,2.477000,0.00,0.000000,0.000400,0.000
0.003000,2.480000,0.00,0.000000,0.000200,0.000
0.003001,2.483001,0.00,0.000000,0.000000,0.000
0.002999,2.486000,0.00,0.000000,0.000000,0.000
0.003000,2.489000,0.00,0.000000,-0.000100,0.000
0.003001,2.492001,0.00,0.000000,0.000100,0.000
0.002999,2.495000,0.00,0.000000,0.000000,0.000
0.003000,2.498000,0.00,0.000000,0.000100,0.000
0.003001,2.501001,0.00,0.000000,0.000000,0.000
0.002999,2.504000,0.00,0.000000,0.000000,0.000
0.003000,2.507000,0.00,0.000000,0.000200,0.000
0.003001,2.510001,0.00,0.000000,0.000100,0.000
0.002999,2.513000,0.00,0.000000,0.000200,0.000
0.003000,2.516000,0.00,0.000000,-0.000100,0.000
0.003001,2.519001,0.00,0.000000,0.000200,0.000
0.002999,2.522000,0.00,0.000000,-0.000100,0.000
0.003000,2.525000,0.00,0.000000,0.000000,0.000
0.003001,2.528001,0.00,0.000000,0.000000,0.000
0.002999,2.531000,0.00,0.000000,0.000100,0.000
0.003000,2.534000,0.00,0.000000,0.000000,0.000
0.003001,2.537001,0.00,0.000000,0.000000,0.000
0.002999,2.540000,0.00,0.000000,0.000000,0.000
0.003000,2.543000,0.00,0.000000,-0.000100,0.000
0.003001,2.546001,0.00,0.000000,0.000100,0.000
0.002999,2.549000,0.00,0.000000,0.000000,0.000
0.003000,2.552000,0.00,0.000000,0.000000,0.000
0.003001,2.555001,0.00,0.000000,-0.000100,0.000
0.002999,2.558000,0.00,0.000000,0.000100,0.000
0.003000,2.561000,0.00,0.000000,0.000100,0.000
0.003001,2.564001,0.00,0.000000,0.000500,0.000
0.002999,2.567000,0.00,0.000000,-0.000100,0.000
0.003000,2.570000,0.00,0.000000,0.000000,0.000
0.003001,2.573001,0.00,0.000000,0.000000,0.000
0.002999,2.576000,0.00,0.000000,0.000100,0.000
0.003000,2.579000,0.00,0.000000,0.000100,0.000
0.003001,2.582001,0.00,0.000000,0.000200,0.000
0.002999,2.585000,0.00,0.000000,0.000100,0.000
0.003000,2.588000,0.00,0.000000,0.000200,0.000
0.003001,2.591001,0.00,0.000000,0.000300,0.000
0.002999,2.594000,0.00,0.000000,0.000000,0.000
0.003000,2.597000,0.00,0.000000,0.000300,0.000
0.003001,2.600001,0.00,0.000000,0.000000,0.000
0.002999,2.603000,0.00,0.000000,0.000000,0.000
0.003000,2.606000,0.00,0.000000,0.000300,0.000
0.003001,2.609001,0.00,0.000000,0.000200,0.000
0.002999,2.612000,0.00,0.000000,-0.000100,0.000
0.003000,2.615000,0.00,0.000000,0.000300,0.000
0.003001,2.618001,0.00,0.000000,0.000100,0.000
0.002999,2.621000,0.00,0.000000,0.000300,0.000
0.003000,2.624000,0.00,0.000000,0.000000,0.000
0.003001,2.627001,0.00,0.000000,0.000100,0.000
0.002999,2.630000,0.00,0.000000,0.000100,0.000
0.003000,2.633000,0.00,0.000000,0.000100,0.000
0.003001,2.636001,0.00,0.000000,0.000000,0.000
0.002999,2.639000,0.00,0.000000,0.000300,0.000
0.003000,2.642000,0.00,0.000000,0.000000,0.000
0.003001,2.645001,0.00,0.000000,0.000100,0.000
0.002999,2.648000,0.00,0.000000,0.000200,0.000
0.003000,2.651000,0.00,0.000000,0.000100,0.000
0.003001,2.654001,0.00,0.000000,-0.000100,0.000
0.002999,2.657000,0.00,0.000000,0.000000,0.000
0.003000,2.660000,0.00,0.000000,0.000100,0.000
0.003001,2.663001,0.00,0.000000,0.000200,0.000
0.002999,2.666000,0.00,0.000000,0.000100,0.000
0.003000,2.669000,0.00,0.000000,0.000500,0.000
0.003001,2.672001,0.00,0.000000,0.000100,0.000
0.002999,2.675000,0.00,0.000000,0.000300,0.000
0.003000,2.678000,0.00,0.000000,0.000100,0.000
0.003001,2.681001,0.00,0.000000,0.000000,0.000
0.002999,2.684000,0.00,0.000000,0.000000,0.000
0.003000,2.687000,0.00,0.000000,0.000200,0.000
0.003001,2.690001,0.00,0.000000,0.000000,0.000
0.002999,2.693000,0.00,0.000000,0.000200,0.000
0.003000,2.696000,0.00,0.000000,0.000200,0.000
0.003001,2.699001,0.00,0.000000,0.000100,0.000
0.002999,2.702000,0.00,0.000000,-0.000200,0.000
0.003000,2.705000,0.00,0.000000,0.000500,0.000
0.003001,2.708001,0.00,0.000000,0.000100,0.000
0.002999,2.711000,0.00,0.000000,-0.000100,0.000
0.003000,2.714000,0.00,0.000000,0.000200,0.000
0.003001,2.717001,0.00,0.000000,-0.000100,0.000
0.002999,2.720000,0.00,0.000000,0.000200,0.000
0.003000,2.723000,0.00,0.000000,0.000200,0.000
0.003001,2.726001,0.00,0.000000,0.000100,0.000
0.002999,2.729000,0.00,0.000000,0.000100,0.000
0.003000,2.732000,0.00,0.000000,0.000100,0.000
0.003001,2.735001,0.00,0.000000,0.000400,0.000
0.002999,2.738000,0.00,0.000000,0.000100,0.000
0.003000,2.741000,0.00,0.000000,0.000100,0.000
0.003001,2.744001,0.00,0.000000,0.000100,0.000
0.002999,2.747000,0.00,0.000000,0.000000,0.000
0.003000,2.750000,0.00,0.000000,0.000200,0.000
0.003001,2.753001,0.00,0.000000,0.000200,0.000
0.002999,2.756000,0.00,0.000000,0.000000,0.000
0.003000,2.759000,0.00,0.000000,0.000200,0.000
0.003001,2.762001,0.00,0.000000,0.000300,0.000
0.002999,2.765000,0.00,0.000000,0.000500,0.000
0.003000,2.768000,0.00,0.000000,0.000200,0.000
0.003001,2.771001,0.00,0.000000,0.000200,0.000
0.002999,2.774000,0.00,0.000000,0.000000,0.000
0.003000,2.777000,0.00,0.000000,-0.000200,0.000
0.003001,2.780001,0.00,0.000000,0.000200,0.000
0.002999,2.783000,0.00,0.000000,0.000100,0.000
0.003000,2.786000,0.00,0.000000,-0.000100,0.000
0.003001,2.789001,0.00,0.000000,0.000200,0.000
0.002999,2.792000,0.00,0.000000,0.000300,0.000
0.003000,2.795000,0.00,0.000000,0.000000,0.000
0.003001,2.798001,0.00,0.000000,0.000200,0.000
0.002999,2.801000,0.00,0.000000,0.000200,0.000
0.003000,2.804000,0.00,0.000000,0.000400,0.000
0.003001,2.807001,0.00,0.000000,-0.000100,0.000
0.002999,2.810000,0.00,0.000000,0.000200,0.000
0.003000,2.813000,0.00,0.000000,-0.000100,0.000
0.003001,2.816001,0.00,0.000000,0.000000,0.000
0.002999,2.819000,0.00,0.000000,0.000200,0.000
0.003000,2.822000,0.00,0.000000,0.000400,0.000
0.003001,2.825001,0.00,0.000000,0.000100,0.000
0.002999,2.828000,0.00,0.000000,0.000100,0.000
0.003000,2.831000,0.00,0.000000,0.000200,0.000
0.003001,2.834001,0.00,0.000000,0.000200,0.000
0.002999,2.837000,0.00,0.000000,0.000100,0.000
0.003000,2.840000,0.00,0.000000,0.000100,0.000
0.003001,2.843001,0.00,0.000000,0.000000,0.000
0.002999,2.846000,0.00,0.000000,0.000100,0.000
0.003000,2.849000,0.00,0.000000,0.000300,0.000
0.003001,2.852001,0.00,0.000000,0.000100,0.000
0.002999,2.855000,0.00,0.000000,0.000300,0.000
0.003000,2.858000,0.00,0.000000,0.000000,0.000
0.003001,2.861001,0.00,0.000000,-0.000100,0.000
0.002999,2.864000,0.00,0.000000,0.000000,0.000
0.003000,2.867000,0.00,0.000000,0.000200,0.000
0.003001,2.870001,0.00,0.000000,0.000200,0.000
0.002999,2.873000,0.00,0.000000,0.000100,0.000
0.003000,2.876000,0.00,0.000000,0.000200,0.000
0.003001,2.879001,0.00,0.000000,-0.000100,0.000
0.002999,2.882000,0.00,0.000000,0.000100,0.000
0.003000,2.885000,0.00,0.000000,0.000300,0.000
0.003001,2.888001,0.00,0.000000,0.000200,0.000
0.002999,2.891000,0.00,0.000000,0.000200,0.000
0.003000,2.894000,0.00,0.000000,0.000000,0.000
0.003001,2.897001,0.00,0.000000,0.000300,0.000
0.002999,2.900000,0.00,0.000000,0.000300,0.000
0.003000,2.903000,0.00,0.000000,0.000100,0.000
0.003001,2.906001,0.00,0.000000,0.000200,0.000
0.002999,2.909000,0.00,0.000000,0.000200,0.000
0.003000,2.912000,0.00,0.000000,0.000000,0.000
0.003001,2.915001,0.00,0.000000,0.000100,0.000
0.002999,2.918000,0.00,0.000000,0.000100,0.000
0.003000,2.921000,0.00,0.000000,0.000300,0.000
0.003001,2.924001,0.00,0.000000,0.000500,0.000
0.002999,2.927000,0.00,0.000000,0.000200,0.000
0.003000,2.930000,0.00,0.000000,0.000100,0.000
0.003001,2.933001,0.00,0.000000,0.000100,0.000
0.002999,2.936000,0.00,0.000000,0.000200,0.000
0.003000,2.939000,0.00,0.000000,0.000000,0.000
0.003001,2.942001,0.00,0.000000,-0.000100,0.000
0.002999,2.945000,0.00,0.000000,0.000200,0.000
0.003000,2.948000,0.00,0.000000,0.000100,0.000
0.003001,2.951001,0.00,0.000000,0.000100,0.000
0.002999,2.954000,0.00,0.000000,0.000100,0.000
0.003000,2.957000,0.00,0.000000,0.000100,0.000
0.003001,2.960001,0.00,0.000000,0.000300,0.000
0.002999,2.963000,0.00,0.000000,0.000000,0.000
0.003000,2.966000,0.00,0.000000,0.000300,0.000
0.003001,2.969001,0.00,0.000000,-0.000100,0.000
0.002999,2.972000,0.00,0.000000,-0.000100,0.000
0.003000,2.975000,0.00,0.000000,0.000100,0.000
0.003001,2.978001,0.00,0.000000,-0.000100,0.000
0.002999,2.981000,0.00,0.000000,0.000400,0.000
0.003000,2.984000,0.00,0.000000,0.000000,0.000
0.003001,2.987001,0.00,0.000000,0.000100,0.000
0.002999,2.990000,0.00,0.000000,0.000200,0.000
0.003000,2.993000,0.00,0.000000,0.000100,0.000
0.003001,2.996001,0.00,0.000000,0.000300,0.000
0.002999,2.999000,0.00,0.000000,0.000300,0.000
-0.995999,3.003001,90.00,0.000000,1.884800,0.000
0.003000,3.006001,90.00,8.173248,1.756900,78.049
0.003000,3.009001,90.00,8.173248,1.295100,78.049
0.003000,3.012001,90.00,12.259873,1.525600,117.073
0.003000,3.015001,90.00,12.259873,1.361200,117.073
0.003000,3.018001,90.00,8.173248,1.130500,78.049
0.003000,3.021001,90.00,18.389811,0.841600,175.610
0.003000,3.024001,90.00,18.389811,0.854200,175.610
0.003000,3.027001,90.00,24.519747,0.775800,234.146
0.003000,3.030001,90.00,12.259873,0.623000,117.073
0.003000,3.033001,90.00,24.519747,0.637800,234.146
0.003000,3.036001,90.00,24.519747,0.585200,234.146
0.003000,3.039001,90.00,20.433123,0.471500,195.122
0.003000,3.042001,90.00,16.346497,0.500200,156.098
0.003000,3.045001,90.00,28.606371,0.461300,273.171
0.003000,3.048001,90.00,28.606371,0.399200,273.171
0.003000,3.051001,90.00,12.259873,0.388400,117.073
0.003000,3.054001,90.00,28.606371,0.340100,273.171
0.003000,3.057001,90.00,28.606371,0.275400,273.171
0.003000,3.060001,90.00,16.346497,0.259400,156.098
0.003000,3.063001,90.00,28.606371,0.243100,273.171
0.003000,3.066001,90.00,32.692993,0.245100,312.195
0.003000,3.069001,90.00,12.259873,0.241600,117.073
0.003000,3.072001,90.00,32.692993,0.191200,312.195
0.003000,3.075001,90.00,32.692993,0.195700,312.195
0.003000,3.078001,90.00,14.303185,0.210600,136.585
0.003000,3.081001,90.00,30.649685,0.166100,292.683
0.003000,3.084001,90.00,32.692993,0.141000,312.195
0.003000,3.087001,90.00,24.519747,0.180800,234.146
0.003000,3.090001,90.00,32.692993,0.185300,312.195
0.003000,3.093001,90.00,16.346497,0.139200,156.098
0.003000,3.096001,90.00,32.692993,0.175500,312.195
0.003000,3.099001,90.00,32.692993,0.138300,312.195
0.003000,3.102001,90.00,16.346497,0.130900,156.098
0.003000,3.105001,90.00,32.692993,0.157800,312.195
0.003000,3.108001,90.00,32.692993,0.110400,312.195
0.003000,3.111001,90.00,16.346497,0.151000,156.098
0.003000,3.114001,90.00,32.692993,0.121200,312.195
0.003000,3.117001,90.00,24.519747,0.096000,234.146
0.003000,3.120001,90.00,26.563059,0.148300,253.659
0.003000,3.123001,90.00,34.736305,0.116900,331.707
0.003000,3.126001,90.00,16.346497,0.157200,156.098
0.003000,3.129001,90.00,32.692993,0.115600,312.195
0.003000,3.132001,90.00,32.692993,0.092400,312.195
0.003000,3.135001,90.00,16.346497,0.137900,156.098
0.003000,3.138001,90.00,32.692993,0.097000,312.195
0.003000,3.141001,90.00,28.606371,0.119400,273.171
0.003000,3.144001,90.00,24.519747,0.093900,234.146
0.003000,3.147001,90.00,32.692993,0.104300,312.195
0.003000,3.150001,90.00,16.346497,0.154600,156.098
0.003000,3.153001,90.00,32.692993,0.087700,312.195
0.003000,3.156001,90.00,36.779621,0.107500,351.220
0.003000,3.159001,90.00,16.346497,0.101100,156.098
0.003000,3.162001,90.00,32.692993,0.118400,312.195
0.003000,3.165001,90.00,32.692993,0.095400,312.195
0.003000,3.168001,90.00,26.563059,0.076500,253.659
0.003000,3.171001,90.00,34.736305,0.150500,331.707
0.003000,3.174001,90.00,16.346497,0.073800,156.098
0.003000,3.177001,90.00,32.692993,0.130600,312.195
0.003000,3.180001,90.00,32.692993,0.100900,312.195
0.003000,3.183001,90.00,28.606371,0.100700,273.171
0.003000,3.186001,90.00,32.692993,0.116500,312.195
0.003000,3.189001,90.00,32.692993,0.071800,312.195
0.003000,3.192001,90.00,16.346497,0.117600,156.098
0.003000,3.195001,90.00,34.736305,0.080600,331.707
0.003000,3.198001,90.00,18.389811,0.138100,175.610
0.003000,3.201001,90.00,32.692993,0.101300,312.195
0.003000,3.204001,90.00,32.692993,0.081800,312.195
0.003000,3.207001,90.00,18.389811,0.114800,175.610
0.003000,3.210001,90.00,34.736305,0.084000,331.707
0.003000,3.213001,90.00,32.692993,0.109800,312.195
0.003000,3.216001,90.00,24.519747,0.076800,234.146
0.003000,3.219001,90.00,32.692993,0.132200,312.195
0.003000,3.222001,90.00,20.433123,0.117200,195.122
0.003000,3.225001,90.00,32.692993,0.108100,312.195
0.003000,3.228001,90.00,32.692993,0.112500,312.195
0.003000,3.231001,90.00,16.346497,0.085200,156.098
0.003000,3.234001,90.00,36.779621,0.122200,351.220
0.003000,3.237001,90.00,32.692993,0.073100,312.195
0.003000,3.240001,90.00,16.346497,0.123700,156.098
0.003000,3.243001,90.00,32.692993,0.086300,312.195
0.003000,3.246001,90.00,20.433123,0.106100,195.122
0.003000,3.249001,90.00,32.692993,0.113200,312.195
0.003000,3.252001,90.00,32.692993,0.078000,312.195
0.003000,3.255001,90.00,16.346497,0.123400,156.098
0.003000,3.258001,90.00,36.779621,0.078000,351.220
0.003000,3.261001,90.00,32.692993,0.106600,312.195
0.003000,3.264001,90.00,16.346497,0.084300,156.098
0.003000,3.267001,90.00,32.692993,0.100200,312.195
0.003000,3.270001,90.00,20.433123,0.143000,195.122
0.003000,3.273001,90.00,32.692993,0.085600,312.195
0.003000,3.276001,90.00,32.692993,0.138200,312.195
0.003000,3.279001,90.00,16.346497,0.088300,156.098
0.003000,3.282001,90.00,36.779621,0.117400,351.220
0.003000,3.285001,90.00,32.692993,0.079800,312.195
0.003000,3.288001,90.00,16.346497,0.079300,156.098
0.003000,3.291001,90.00,32.692993,0.092400,312.195
0.003000,3.294001,90.00,20.433123,0.083300,195.122
0.003000,3.297001,90.00,32.692993,0.127300,312.195
0.003000,3.300001,90.00,32.692993,0.083800,312.195
0.003000,3.303001,90.00,16.346497,0.118200,156.098
0.003000,3.306001,90.00,36.779621,0.094600,351.220
0.003000,3.309001,90.00,32.692993,0.099500,312.195
0.003000,3.312001,90.00,20.433123,0.090200,195.122
0.003000,3.315001,90.00,32.692993,0.084100,312.195
0.003000,3.318001,90.00,20.433123,0.147000,195.122
0.003000,3.321001,90.00,32.692993,0.081500,312.195
0.003000,3.324001,90.00,32.692993,0.145400,312.195
0.003000,3.327001,90.00,16.346497,0.094300,156.098
0.003000,3.330001,90.00,36.779621,0.111800,351.220
0.003000,3.333001,90.00,32.692993,0.086800,312.195
0.003000,3.336001,90.00,16.346497,0.072000,156.098
0.003000,3.339001,90.00,32.692993,0.145900,312.195
0.003000,3.342001,90.00,20.433123,0.072900,195.122
0.003000,3.345001,90.00,32.692993,0.129300,312.195
0.003000,3.348001,90.00,32.692993,0.089900,312.195
0.003000,3.351001,90.00,16.346497,0.111800,156.098
0.003000,3.354001,90.00,36.779621,0.101200,351.220
0.003000,3.357001,90.00,32.692993,0.094500,312.195
0.003000,3.360001,90.00,16.346497,0.098200,156.098
0.003000,3.363001,90.00,32.692993,0.077900,312.195
0.003000,3.366001,90.00,20.433123,0.143800,195.122
0.003000,3.369001,90.00,32.692993,0.087500,312.195
0.003000,3.372001,90.00,32.692993,0.090800,312.195
0.003000,3.375001,90.00,16.346497,0.101200,156.098
0.003000,3.378001,90.00,36.779621,0.097800,351.220
0.003000,3.381001,90.00,32.692993,0.092600,312.195
0.003000,3.384001,90.00,16.346497,0.069900,156.098
0.003000,3.387001,90.00,32.692993,0.142900,312.195
0.003000,3.390001,90.00,20.433123,0.067900,195.122
0.003000,3.393001,90.00,32.692993,0.122500,312.195
0.003000,3.396001,90.00,32.692993,0.096300,312.195
0.003000,3.399001,90.00,16.346497,0.096000,156.098
0.003000,3.402001,90.00,36.779621,0.111600,351.220
0.003000,3.405001,90.00,32.692993,0.067500,312.195
0.003000,3.408001,90.00,24.519747,0.113800,234.146
0.003000,3.411001,90.00,32.692993,0.077900,312.195
0.003000,3.414001,90.00,28.606371,0.137000,273.171
0.003000,3.417001,90.00,32.692993,0.092900,312.195
0.003000,3.420001,90.00,32.692993,0.081500,312.195
0.003000,3.423001,90.00,26.563059,0.106300,253.659
0.003000,3.426001,90.00,34.736305,0.086900,331.707
0.003000,3.429001,90.00,32.692993,0.100100,312.195
0.003000,3.432001,90.00,16.346497,0.069500,156.098
0.003000,3.435001,90.00,34.736305,0.137600,331.707
0.003000,3.438001,90.00,18.389811,0.107800,175.610
0.003000,3.441001,90.00,32.692993,0.116200,312.195
0.003000,3.444001,90.00,32.692993,0.101300,312.195
0.003000,3.447001,90.00,20.433123,0.088700,195.122
0.003000,3.450001,90.00,32.692993,0.117200,312.195
0.003000,3.453001,90.00,32.692993,0.067600,312.195
0.003000,3.456001,90.00,16.346497,0.118800,156.098
0.003000,3.459001,90.00,34.736305,0.078700,331.707
0.003000,3.462001,90.00,26.563059,0.129500,253.659
0.003000,3.465001,90.00,32.692993,0.098300,312.195
0.003000,3.468001,90.00,32.692993,0.078700,312.195
0.003000,3.471001,90.00,20.433123,0.118900,195.122
0.003000,3.474001,90.00,32.692993,0.080500,312.195
0.003000,3.477001,90.00,32.692993,0.102500,312.195
0.003000,3.480001,90.00,16.346497,0.070500,156.098
0.003000,3.483001,90.00,36.779621,0.132800,351.220
0.003000,3.486001,90.00,16.346497,0.110600,156.098
0.003000,3.489001,90.00,32.692993,0.111200,312.195
0.003000,3.492001,90.00,32.692993,0.106500,312.195
0.003000,3.495001,90.00,20.433123,0.086100,195.122
0.003000,3.498001,90.00,32.692993,0.120800,312.195
0.003000,3.501001,90.00,32.692993,0.069500,312.195
0.003000,3.504001,90.00,26.563059,0.109100,253.659
0.003000,3.507001,90.00,34.736305,0.080000,331.707
0.003000,3.510001,90.00,16.346497,0.123300,156.098
0.003000,3.513001,90.00,32.692993,0.103900,312.195
0.003000,3.516001,90.00,34.736305,0.076200,331.707
0.003000,3.519001,90.00,18.389811,0.121100,175.610
0.003000,3.522001,90.00,32.692993,0.077900,312.195
0.003000,3.525001,90.00,32.692993,0.104700,312.195
0.003000,3.528001,90.00,20.433123,0.073500,195.122
0.003000,3.531001,90.00,32.692993,0.126400,312.195
0.003000,3.534001,90.00,16.346497,0.113200,156.098
0.003000,3.537001,90.00,32.692993,0.076400,312.195
0.003000,3.540001,90.00,36.779621,0.110700,351.220
0.003000,3.543001,90.00,20.433123,0.084700,195.122
0.003000,3.546001,90.00,32.692993,0.120900,312.195
0.003000,3.549001,90.00,32.692993,0.069900,312.195
0.003000,3.552001,90.00,28.606371,0.104400,273.171
0.003000,3.555001,90.00,32.692993,0.079900,312.195
0.003000,3.558001,90.00,16.346497,0.115300,156.098
0.003000,3.561001,90.00,34.736305,0.103800,331.707
0.003000,3.564001,90.00,34.736305,0.074300,331.707
0.003000,3.567001,90.00,16.346497,0.121600,156.098
0.003000,3.570001,90.00,32.692993,0.081900,312.195
0.003000,3.573001,90.00,32.692993,0.107400,312.195
0.003000,3.576001,90.00,28.606371,0.077700,273.171
0.003000,3.579001,90.00,32.692993,0.119000,312.195
0.003000,3.582001,90.00,16.346497,0.117900,156.098
0.003000,3.585001,90.00,36.779621,0.075900,351.220
0.003000,3.588001,90.00,32.692993,0.112700,312.195
0.003000,3.591001,90.00,16.346497,0.083100,156.098
0.003000,3.594001,90.00,32.692993,0.119400,312.195
0.003000,3.597001,90.00,28.606371,0.071300,273.171
0.003000,3.600001,90.00,24.519747,0.100800,234.146
0.003000,3.603001,90.00,32.692993,0.117500,312.195
0.003000,3.606001,90.00,16.346497,0.110200,156.098
0.003000,3.609001,90.00,36.779621,0.108400,351.220
0.003000,3.612001,90.00,32.692993,0.076000,312.195
0.003000,3.615001,90.00,16.346497,0.121200,156.098
0.003000,3.618001,90.00,34.736305,0.082600,331.707
0.003000,3.621001,90.00,26.563059,0.104600,253.659
0.003000,3.624001,90.00,24.519747,0.077600,234.146
0.003000,3.627001,90.00,32.692993,0.111700,312.195
0.003000,3.630001,90.00,28.606371,0.122700,273.171
0.003000,3.633001,90.00,32.692993,0.075400,312.195
0.003000,3.636001,90.00,32.692993,0.104800,312.195
0.003000,3.639001,90.00,16.346497,0.082700,156.098
0.003000,3.642001,90.00,34.736305,0.118900,331.707
0.003000,3.645001,90.00,34.736305,0.071400,331.707
0.003000,3.648001,90.00,24.519747,0.096000,234.146
0.003000,3.651001,90.00,32.692993,0.119700,312.195
0.003000,3.654001,90.00,20.433123,0.103600,195.122
0.003000,3.657001,90.00,32.692993,0.109000,312.195
0.003000,3.660001,90.00,32.692993,0.075300,312.195
0.003000,3.663001,90.00,16.346497,0.122200,156.098
0.003000,3.666001,90.00,36.779621,0.083300,351.220
0.003000,3.669001,90.00,24.519747,0.101300,234.146
0.003000,3.672001,90.00,24.519747,0.078100,234.146
0.003000,3.675001,90.00,34.736305,0.106800,331.707
0.003000,3.678001,90.00,18.389811,0.124800,175.610
0.003000,3.681001,90.00,32.692993,0.074300,312.195
0.003000,3.684001,90.00,32.692993,0.105100,312.195
0.003000,3.687001,90.00,28.606371,0.083500,273.171
0.003000,3.690001,90.00,32.692993,0.119800,312.195
0.003000,3.693001,90.00,24.519747,0.072600,234.146
0.003000,3.696001,90.00,24.519747,0.092800,234.146
0.003000,3.699001,90.00,36.779621,0.124400,351.220
0.003000,3.702001,90.00,16.346497,0.083800,156.098
0.003000,3.705001,90.00,32.692993,0.109900,312.195
0.003000,3.708001,90.00,32.692993,0.074700,312.195
0.003000,3.711001,90.00,28.606371,0.120900,273.171
0.003000,3.714001,90.00,32.692993,0.084200,312.195
0.003000,3.717001,90.00,24.519747,0.097900,234.146
0.003000,3.720001,90.00,26.563059,0.078700,253.659
0.003000,3.723001,90.00,34.736305,0.103700,331.707
0.003000,3.726001,90.00,16.346497,0.126800,156.098
0.003000,3.729001,90.00,32.692993,0.074300,312.195
0.003000,3.732001,90.00,34.736305,0.105100,331.707
0.003000,3.735001,90.00,26.563059,0.080400,253.659
0.003000,3.738001,90.00,32.692993,0.118500,312.195
0.003000,3.741001,90.00,24.519747,0.072100,234.146
0.003000,3.744001,90.00,28.606371,0.090000,273.171
0.003000,3.747001,90.00,32.692993,0.125500,312.195
0.003000,3.750001,90.00,16.346497,0.083200,156.098
0.003000,3.753001,90.00,32.692993,0.110700,312.195
0.003000,3.756001,90.00,36.779621,0.074800,351.220
0.003000,3.759001,90.00,24.519747,0.120200,234.146
0.003000,3.762001,90.00,32.692993,0.084900,312.195
0.003000,3.765001,90.00,24.519747,0.096800,234.146
0.003000,3.768001,90.00,28.606371,0.110100,273.171
0.003000,3.771001,90.00,32.692993,0.102300,312.195
0.003000,3.774001,90.00,16.346497,0.126500,156.098
0.003000,3.777001,90.00,36.779621,0.074800,351.220
0.003000,3.780001,90.00,32.692993,0.106000,312.195
0.003000,3.783001,90.00,24.519747,0.080900,234.146
0.003000,3.786001,90.00,32.692993,0.118700,312.195
0.003000,3.789001,90.00,28.606371,0.072400,273.171
0.003000,3.792001,90.00,24.519747,0.090500,234.146
0.003000,3.795001,90.00,32.692993,0.125800,312.195
0.003000,3.798001,90.00,16.346497,0.082700,156.098
0.003000,3.801001,90.00,36.779621,0.117500,351.220
0.003000,3.804001,90.00,32.692993,0.074700,312.195
0.003000,3.807001,90.00,16.346497,0.121800,156.098
0.003000,3.810001,90.00,34.736305,0.083800,331.707
0.003000,3.813001,90.00,26.563059,0.097600,253.659
0.003000,3.816001,90.00,24.519747,0.109600,234.146
0.003000,3.819001,90.00,32.692993,0.074000,312.195
0.003000,3.822001,90.00,28.606371,0.125100,273.171
0.003000,3.825001,90.00,32.692993,0.074300,312.195
0.003000,3.828001,90.00,32.692993,0.102700,312.195
0.003000,3.831001,90.00,26.563059,0.076500,253.659
0.003000,3.834001,90.00,34.736305,0.105200,331.707
0.003000,3.837001,90.00,24.519747,0.071700,234.146
0.003000,3.840001,90.00,24.519747,0.095600,234.146
0.003000,3.843001,90.00,34.736305,0.122200,331.707
0.003000,3.846001,90.00,18.389811,0.082500,175.610
0.003000,3.849001,90.00,32.692993,0.118000,312.195
0.003000,3.852001,90.00,32.692993,0.071200,312.195
0.003000,3.855001,90.00,20.433123,0.120300,195.122
0.003000,3.858001,90.00,32.692993,0.082900,312.195
0.003000,3.861001,90.00,24.519747,0.103100,234.146
0.003000,3.864001,90.00,26.563059,0.108700,253.659
0.003000,3.867001,90.00,34.736305,0.073600,331.707
0.003000,3.870001,90.00,16.346497,0.121400,156.098
0.003000,3.873001,90.00,32.692993,0.074500,312.195
0.003000,3.876001,90.00,36.779621,0.105600,351.220
0.003000,3.879001,90.00,16.346497,0.077100,156.098
0.003000,3.882001,90.00,32.692993,0.110600,312.195
0.003000,3.885001,90.00,24.519747,0.118400,234.146
0.003000,3.888001,90.00,28.606371,0.097400,273.171
0.003000,3.891001,90.00,32.692993,0.117100,312.195
0.003000,3.894001,90.00,16.346497,0.081700,156.098
0.003000,3.897001,90.00,32.692993,0.119000,312.195
0.003000,3.900001,90.00,36.779621,0.069500,351.220
0.003000,3.903001,90.00,16.346497,0.120600,156.098
0.003000,3.906001,90.00,32.692993,0.080100,312.195
0.003000,3.909001,90.00,20.433123,0.108300,195.122
0.003000,3.912001,90.00,32.692993,0.104400,312.195
0.003000,3.915001,90.00,32.692993,0.072500,312.195
0.003000,3.918001,90.00,16.346497,0.120000,156.098
0.003000,3.921001,90.00,36.779621,0.075100,351.220
0.003000,3.924001,90.00,32.692993,0.104000,312.195
0.003000,3.927001,90.00,16.346497,0.074400,156.098
0.003000,3.930001,90.00,32.692993,0.118500,312.195
0.003000,3.933001,90.00,28.606371,0.113900,273.171
0.003000,3.936001,90.00,32.692993,0.102300,312.195
0.003000,3.939001,90.00,32.692993,0.110700,312.195
0.003000,3.942001,90.00,20.433123,0.081500,195.122
0.003000,3.945001,90.00,32.692993,0.118100,312.195
0.003000,3.948001,90.00,32.692993,0.068400,312.195
0.003000,3.951001,90.00,16.346497,0.103200,156.098
0.003000,3.954001,90.00,36.779621,0.080400,351.220
0.003000,3.957001,90.00,16.346497,0.116200,156.098
0.003000,3.960001,90.00,32.692993,0.101500,312.195
0.003000,3.963001,90.00,32.692993,0.073000,312.195
0.003000,3.966001,90.00,28.606371,0.120500,273.171
0.003000,3.969001,90.00,32.692993,0.074800,312.195
0.003000,3.972001,90.00,32.692993,0.102500,312.195
0.003000,3.975001,90.00,20.433123,0.070400,195.122
0.003000,3.978001,90.00,32.692993,0.124100,312.195
0.003000,3.981001,90.00,16.346497,0.110800,156.098
0.003000,3.984001,90.00,32.692993,0.076100,312.195
0.003000,3.987001,90.00,36.779621,0.107400,351.220
0.003000,3.990001,90.00,24.519747,0.082500,234.146
0.003000,3.993001,90.00,32.692993,0.117400,312.195
0.003000,3.996001,90.00,32.692993,0.066200,312.195
0.003000,3.999001,90.00,20.433123,0.107500,195.122
-0.996000,4.003001,0.00,0.000000,0.000500,0.000
0.002999,4.006000,0.00,0.000000,0.000100,0.000
0.003001,4.009001,0.00,0.000000,-0.000100,0.000
0.002999,4.012000,0.00,0.000000,0.000100,0.000
0.003000,4.015000,0.00,0.000000,0.000100,0.000
0.003001,4.018001,0.00,0.000000,0.000400,0.000
0.002999,4.021000,0.00,0.000000,0.000000,0.000
0.003000,4.024000,0.00,0.000000,0.000300,0.000
0.003001,4.027001,0.00,0.000000,0.000200,0.000
0.002999,4.030000,0.00,0.000000,0.000100,0.000
0.003000,4.033000,0.00,0.000000,0.000200,0.000
0.003001,4.036001,0.00,0.000000,0.000200,0.000
0.002999,4.039000,0.00,0.000000,0.000000,0.000
0.003000,4.042000,0.00,0.000000,0.000000,0.000
0.003001,4.045001,0.00,0.000000,0.000300,0.000
0.002999,4.048000,0.00,0.000000,0.000200,0.000
0.003000,4.051000,0.00,0.000000,-0.000300,0.000
0.003001,4.054001,0.00,0.000000,0.000100,0.000
0.002999,4.057000,0.00,0.000000,-0.000200,0.000
0.003000,4.060000,0.00,0.000000,0.000300,0.000
0.003001,4.063001,0.00,0.000000,0.000100,0.000
0.002999,4.066000,0.00,0.000000,0.000100,0.000
0.003000,4.069000,0.00,0.000000,0.000100,0.000
0.003001,4.072001,0.00,0.000000,0.000300,0.000
0.002999,4.075000,0.00,0.000000,0.000200,0.000
0.003000,4.078000,0.00,0.000000,0.000200,0.000
0.003001,4.081001,0.00,0.000000,0.000100,0.000
0.002999,4.084000,0.00,0.000000,0.000000,0.000
0.003000,4.087000,0.00,0.000000,0.000000,0.000
0.003001,4.090001,0.00,0.000000,0.000100,0.000
0.002999,4.093000,0.00,0.000000,0.000300,0.000
0.003000,4.096000,0.00,0.000000,0.000200,0.000
0.003001,4.099001,0.00,0.000000,0.000000,0.000
0.002999,4.102000,0.00,0.000000,0.000300,0.000
0.003000,4.105000,0.00,0.000000,-0.000100,0.000
0.003001,4.108001,0.00,0.000000,-0.000100,0.000
0.002999,4.111000,0.00,0.000000,0.000300,0.000
0.003000,4.114000,0.00,0.000000,0.000500,0.000
0.003001,4.117001,0.00,0.000000,0.000400,0.000
0.002999,4.120000,0.00,0.000000,0.000000,0.000
0.003000,4.123000,0.00,0.000000,0.000200,0.000
0.003001,4.126001,0.00,0.000000,0.000200,0.000
0.002999,4.129000,0.00,0.000000,0.000200,0.000
0.003000,4.132000,0.00,0.000000,0.000000,0.000
0.003001,4.135001,0.00,0.000000,0.000200,0.000
0.002999,4.138000,0.00,0.000000,0.000100,0.000
0.003000,4.141000,0.00,0.000000,0.000100,0.000
0.003001,4.144001,0.00,0.000000,0.000100,0.000
0.002999,4.147000,0.00,0.000000,0.000000,0.000
0.003000,4.150000,0.00,0.000000,-0.000100,0.000
0.003001,4.153001,0.00,0.000000,0.000100,0.000
0.002999,4.156000,0.00,0.000000,0.000100,0.000
0.003000,4.159000,0.00,0.000000,0.000100,0.000
0.003001,4.162001,0.00,0.000000,0.000100,0.000
0.002999,4.165000,0.00,0.000000,0.000000,0.000
0.003000,4.168000,0.00,0.000000,0.000000,0.000
0.003001,4.171001,0.00,0.000000,0.000100,0.000
0.002999,4.174000,0.00,0.000000,0.000200,0.000
0.003000,4.177000,0.00,0.000000,0.000300,0.000
0.003001,4.180001,0.00,0.000000,0.000000,0.000
0.002999,4.183000,0.00,0.000000,0.000000,0.000
0.003000,4.186000,0.00,0.000000,0.000300,0.000
0.003001,4.189001,0.00,0.000000,0.000400,0.000
0.002999,4.192000,0.00,0.000000,0.000400,0.000
0.003000,4.195000,0.00,0.000000,0.000200,0.000
0.003001,4.198001,0.00,0.000000,0.000300,0.000
0.002999,4.201000,0.00,0.000000,0.000100,0.000
0.003000,4.204000,0.00,0.000000,0.000300,0.000
0.003001,4.207001,0.00,0.000000,0.000100,0.000
0.002999,4.210000,0.00,0.000000,0.000200,0.000
0.003000,4.213000,0.00,0.000000,0.000000,0.000
0.003001,4.216001,0.00,0.000000,0.000300,0.000
0.002999,4.219000,0.00,0.000000,0.000000,0.000
0.003000,4.222000,0.00,0.000000,0.000200,0.000
0.003001,4.225001,0.00,0.000000,0.000300,0.000
0.002999,4.228000,0.00,0.000000,0.000400,0.000
0.003000,4.231000,0.00,0.000000,-0.000200,0.000
0.003001,4.234001,0.00,0.000000,0.000100,0.000
0.002999,4.237000,0.00,0.000000,0.000400,0.000
0.003000,4.240000,0.00,0.000000,0.000200,0.000
0.003001,4.243001,0.00,0.000000,0.000000,0.000
0.002999,4.246000,0.00,0.000000,0.000000,0.000
0.003000,4.249000,0.00,0.000000,0.000200,0.000
0.003001,4.252001,0.00,0.000000,0.000100,0.000
0.002999,4.255000,0.00,0.000000,0.000100,0.000
0.003000,4.258000,0.00,0.000000,-0.000200,0.000
0.003001,4.261001,0.00,0.000000,0.000300,0.000
0.002999,4.264000,0.00,0.000000,0.000100,0.000
0.003000,4.267000,0.00,0.000000,0.000200,0.000
0.003001,4.270001,0.00,0.000000,0.000200,0.000
0.002999,4.273000,0.00,0.000000,-0.000100,0.000
0.003000,4.276000,0.00,0.000000,0.000200,0.000
0.003001,4.279001,0.00,0.000000,0.000200,0.000
0.002999,4.282000,0.00,0.000000,0.000300,0.000
0.003000,4.285000,0.00,0.000000,0.000300,0.000
0.003001,4.288001,0.00,0.000000,0.000200,0.000
0.002999,4.291000,0.00,0.000000,0.000100,0.000
0.003000,4.294000,0.00,0.000000,0.000300,0.000
0.003001,4.297001,0.00,0.000000,0.000400,0.000
0.002999,4.300000,0.00,0.000000,0.000100,0.000
0.003000,4.303000,0.00,0.000000,0.000000,0.000
0.003001,4.306001,0.00,0.000000,0.000200,0.000
0.002999,4.309000,0.00,0.000000,0.000100,0.000
0.003000,4.312000,0.00,0.000000,0.000000,0.000
0.003001,4.315001,0.00,0.000000,0.000300,0.000
0.002999,4.318000,0.00,0.000000,-0.000100,0.000
0.003000,4.321000,0.00,0.000000,0.000100,0.000
0.003001,4.324001,0.00,0.000000,0.000100,0.000
0.002999,4.327000,0.00,0.000000,0.000100,0.000
0.003000,4.330000,0.00,0.000000,0.000000,0.000
0.003001,4.333001,0.00,0.000000,0.000100,0.000
0.002999,4.336000,0.00,0.000000,0.000200,0.000
0.003000,4.339000,0.00,0.000000,0.000000,0.000
0.003001,4.342001,0.00,0.000000,0.000100,0.000
0.002999,4.345000,0.00,0.000000,0.000200,0.000
0.003000,4.348000,0.00,0.000000,0.000200,0.000
0.003001,4.351001,0.00,0.000000,0.000300,0.000
0.002999,4.354000,0.00,0.000000,-0.000100,0.000
0.003000,4.357000,0.00,0.000000,0.000100,0.000
0.003001,4.360001,0.00,0.000000,0.000200,0.000
0.002999,4.363000,0.00,0.000000,-0.000100,0.000
0.003000,4.366000,0.00,0.000000,0.000300,0.000
0.003001,4.369001,0.00,0.000000,0.000100,0.000
0.002999,4.372000,0.00,0.000000,0.000000,0.000
0.003000,4.375000,0.00,0.000000,0.000100,0.000
0.003001,4.378001,0.00,0.000000,0.000100,0.000
0.002999,4.381000,0.00,0.000000,0.000000,0.000
0.003000,4.384000,0.00,0.000000,0.000100,0.000
0.003001,4.387001,0.00,0.000000,0.000400,0.000
0.002999,4.390000,0.00,0.000000,0.000200,0.000
0.003000,4.393000,0.00,0.000000,0.000200,0.000
0.003001,4.396001,0.00,0.000000,0.000000,0.000
0.002999,4.399000,0.00,0.000000,0.000000,0.000
0.003000,4.402000,0.00,0.000000,0.000100,0.000
0.003001,4.405001,0.00,0.000000,0.000300,0.000
0.002999,4.408000,0.00,0.000000,0.000000,0.000
0.003000,4.411000,0.00,0.000000,0.000100,0.000
0.003001,4.414001,0.00,0.000000,0.000100,0.000
0.002999,4.417000,0.00,0.000000,0.000300,0.000
0.003000,4.420000,0.00,0.000000,0.000200,0.000
0.003001,4.423001,0.00,0.000000,0.000000,0.000
0.002999,4.426000,0.00,0.000000,0.000200,0.000
0.003000,4.429000,0.00,0.000000,0.000000,0.000
0.003001,4.432001,0.00,0.000000,0.000000,0.000
0.002999,4.435000,0.00,0.000000,0.000300,0.000
0.003000,4.438000,0.00,0.000000,0.000400,0.000
0.003001,4.441001,0.00,0.000000,0.000200,0.000
0.002999,4.444000,0.00,0.000000,0.000000,0.000
0.003000,4.447000,0.00,0.000000,0.000200,0.000
0.003001,4.450001,0.00,0.000000,0.000100,0.000
0.002999,4.453000,0.00,0.000000,0.000000,0.000
0.003000,4.456000,0.00,0.000000,-0.000100,0.000
0.003001,4.459001,0.00,0.000000,0.000300,0.000
0.002999,4.462000,0.00,0.000000,-0.000100,0.000
0.003000,4.465000,0.00,0.000000,0.000200,0.000
0.003001,4.468001,0.00,0.000000,0.000200,0.000
0.002999,4.471000,0.00,0.000000,0.000300,0.000
0.003000,4.474000,0.00,0.000000,0.000100,0.000
0.003001,4.477001,0.00,0.000000,0.000300,0.000
0.002999,4.480000,0.00,0.000000,0.000200,0.000
0.003000,4.483000,0.00,0.000000,0.000300,0.000
0.003001,4.486001,0.00,0.000000,0.000000,0.000
0.002999,4.489000,0.00,0.000000,0.000100,0.000
0.003000,4.492000,0.00,0.000000,0.000100,0.000
0.003001,4.495001,0.00,0.000000,0.000000,0.000
0.002999,4.498000,0.00,0.000000,0.000200,0.000
0.003000,4.501000,0.00,0.000000,0.000000,0.000
0.003001,4.504001,0.00,0.000000,-0.000200,0.000
0.002999,4.507000,0.00,0.000000,0.000000,0.000
0.003000,4.510000,0.00,0.000000,0.000200,0.000
0.003001,4.513001,0.00,0.000000,0.000000,0.000
0.002999,4.516000,0.00,0.000000,0.000000,0.000
0.003000,4.519000,0.00,0.000000,0.000300,0.000
0.003001,4.522001,0.00,0.000000,0.000100,0.000
0.002999,4.525000,0.00,0.000000,0.000100,0.000
0.003000,4.528000,0.00,0.000000,0.000300,0.000
0.003001,4.531001,0.00,0.000000,0.000000,0.000
0.002999,4.534000,0.00,0.000000,0.000300,0.000
0.003000,4.537000,0.00,0.000000,0.000100,0.000
0.003001,4.540001,0.00,0.000000,0.000100,0.000
0.002999,4.543000,0.00,0.000000,0.000100,0.000
0.003000,4.546000,0.00,0.000000,0.000100,0.000
0.003001,4.549001,0.00,0.000000,0.000100,0.000
0.002999,4.552000,0.00,0.000000,0.000100,0.000
0.003000,4.555000,0.00,0.000000,0.000100,0.000
0.003001,4.558001,0.00,0.000000,0.000200,0.000
0.002999,4.561000,0.00,0.000000,0.000300,0.000
0.003000,4.564000,0.00,0.000000,0.000300,0.000
0.003001,4.567001,0.00,0.000000,0.000300,0.000
0.002999,4.570000,0.00,0.000000,0.000200,0.000
0.003000,4.573000,0.00,0.000000,0.000000,0.000
0.003001,4.576001,0.00,0.000000,0.000100,0.000
0.002999,4.579000,0.00,0.000000,0.000000,0.000
0.003000,4.582000,0.00,0.000000,0.000100,0.000
0.003001,4.585001,0.00,0.000000,0.000000,0.000
0.002999,4.588000,0.00,0.000000,0.000000,0.000
0.003000,4.591000,0.00,0.000000,0.000300,0.000
0.003001,4.594001,0.00,0.000000,0.000300,0.000
0.002999,4.597000,0.00,0.000000,0.000200,0.000
0.003000,4.600000,0.00,0.000000,0.000200,0.000
0.003001,4.603001,0.00,0.000000,0.000100,0.000
0.002999,4.606000,0.00,0.000000,-0.000100,0.000
0.003000,4.609000,0.00,0.000000,0.000000,0.000
0.003001,4.612001,0.00,0.000000,0.000200,0.000
0.002999,4.615000,0.00,0.000000,-0.000200,0.000
0.003000,4.618000,0.00,0.000000,0.000100,0.000
0.003001,4.621001,0.00,0.000000,0.000200,0.000
0.002999,4.624000,0.00,0.000000,0.000100,0.000
0.003000,4.627000,0.00,0.000000,0.000300,0.000
0.003001,4.630001,0.00,0.000000,0.000200,0.000
0.002999,4.633000,0.00,0.000000,0.000400,0.000
0.003000,4.636000,0.00,0.000000,0.000100,0.000
0.003001,4.639001,0.00,0.000000,0.000100,0.000
0.002999,4.642000,0.00,0.000000,0.000300,0.000
0.003000,4.645000,0.00,0.000000,0.000300,0.000
0.003001,4.648001,0.00,0.000000,0.000100,0.000
0.002999,4.651000,0.00,0.000000,0.000200,0.000
0.003000,4.654000,0.00,0.000000,0.000100,0.000
0.003001,4.657001,0.00,0.000000,0.000200,0.000
0.002999,4.660000,0.00,0.000000,0.000000,0.000
0.003000,4.663000,0.00,0.000000,-0.000200,0.000
0.003001,4.666001,0.00,0.000000,0.000500,0.000
0.002999,4.669000,0.00,0.000000,0.000400,0.000
0.003000,4.672000,0.00,0.000000,0.000200,0.000
0.003001,4.675001,0.00,0.000000,0.000200,0.000
0.002999,4.678000,0.00,0.000000,0.000300,0.000
0.003000,4.681000,0.00,0.000000,0.000400,0.000
0.003001,4.684001,0.00,0.000000,0.000200,0.000
0.002999,4.687000,0.00,0.000000,0.000300,0.000
0.003000,4.690000,0.00,0.000000,0.000100,0.000
0.003001,4.693001,0.00,0.000000,-0.000100,0.000
0.002999,4.696000,0.00,0.000000,0.000100,0.000
0.003000,4.699000,0.00,0.000000,0.000200,0.000
0.003001,4.702001,0.00,0.000000,0.000400,0.000
0.002999,4.705000,0.00,0.000000,-0.000100,0.000
0.003000,4.708000,0.00,0.000000,0.000300,0.000
0.003001,4.711001,0.00,0.000000,-0.000200,0.000
0.002999,4.714000,0.00,0.000000,-0.000100,0.000
0.003000,4.717000,0.00,0.000000,0.000000,0.000
0.003001,4.720001,0.00,0.000000,0.000100,0.000
0.002999,4.723000,0.00,0.000000,0.000100,0.000
0.003000,4.726000,0.00,0.000000,0.000000,0.000
0.003001,4.729001,0.00,0.000000,0.000200,0.000
0.002999,4.732000,0.00,0.000000,0.000000,0.000
0.003000,4.735000,0.00,0.000000,0.000000,0.000
0.003001,4.738001,0.00,0.000000,0.000100,0.000
0.002999,4.741000,0.00,0.000000,0.000000,0.000
0.003000,4.744000,0.00,0.000000,0.000100,0.000
0.003001,4.747001,0.00,0.000000,0.000000,0.000
0.002999,4.750000,0.00,0.000000,0.000100,0.000
0.003000,4.753000,0.00,0.000000,0.000100,0.000
0.003001,4.756001,0.00,0.000000,0.000200,0.000
0.002999,4.759000,0.00,0.000000,0.000100,0.000
0.003000,4.762000,0.00,0.000000,-0.000200,0.000
0.003001,4.765001,0.00,0.000000,0.000100,0.000
0.002999,4.768000,0.00,0.000000,-0.000100,0.000
0.003000,4.771000,0.00,0.000000,0.000100,0.000
0.003001,4.774001,0.00,0.000000,0.000200,0.000
0.002999,4.777000,0.00,0.000000,0.000300,0.000
0.003000,4.780000,0.00,0.000000,0.000100,0.000
0.003001,4.783001,0.00,0.000000,0.000200,0.000
0.002999,4.786000,0.00,0.000000,0.000200,0.000
0.003000,4.789000,0.00,0.000000,0.000200,0.000
0.003001,4.792001,0.00,0.000000,0.000000,0.000
0.002999,4.795000,0.00,0.000000,0.000100,0.000
0.003000,4.798000,0.00,0.000000,0.000000,0.000
0.003001,4.801001,0.00,0.000000,0.000100,0.000
0.002999,4.804000,0.00,0.000000,0.000000,0.000
0.003000,4.807000,0.00,0.000000,0.000300,0.000
0.003001,4.810001,0.00,0.000000,0.000300,0.000
0.002999,4.813000,0.00,0.000000,0.000000,0.000
0.003000,4.816000,0.00,0.000000,0.000000,0.000
0.003001,4.819001,0.00,0.000000,0.000300,0.000
0.002999,4.822000,0.00,0.000000,0.000000,0.000
0.003000,4.825000,0.00,0.000000,-0.000100,0.000
0.003001,4.828001,0.00,0.000000,0.000200,0.000
0.002999,4.831000,0.00,0.000000,0.000000,0.000
0.003000,4.834000,0.00,0.000000,0.000100,0.000
0.003001,4.837001,0.00,0.000000,-0.000100,0.000
0.002999,4.840000,0.00,0.000000,0.000100,0.000
0.003000,4.843000,0.00,0.000000,0.000200,0.000
0.003001,4.846001,0.00,0.000000,0.000100,0.000
0.002999,4.849000,0.00,0.000000,0.000100,0.000
0.003000,4.852000,0.00,0.000000,0.000100,0.000
0.003001,4.855001,0.00,0.000000,0.000200,0.000
0.002999,4.858000,0.00,0.000000,0.000200,0.000
0.003000,4.861000,0.00,0.000000,0.000200,0.000
0.003001,4.864001,0.00,0.000000,0.000100,0.000
0.002999,4.867000,0.00,0.000000,0.000100,0.000
0.003000,4.870000,0.00,0.000000,0.000400,0.000
0.003001,4.873001,0.00,0.000000,0.000300,0.000
0.002999,4.876000,0.00,0.000000,0.000000,0.000
0.003000,4.879000,0.00,0.000000,0.000200,0.000
0.003001,4.882001,0.00,0.000000,0.000100,0.000
0.002999,4.885000,0.00,0.000000,0.000200,0.000
0.003000,4.888000,0.00,0.000000,0.000000,0.000
0.003001,4.891001,0.00,0.000000,0.000100,0.000
0.002999,4.894000,0.00,0.000000,-0.000100,0.000
0.003000,4.897000,0.00,0.000000,0.000100,0.000
0.003001,4.900001,0.00,0.000000,0.000100,0.000
0.002999,4.903000,0.00,0.000000,0.000000,0.000
0.003000,4.906000,0.00,0.000000,0.000100,0.000
0.003001,4.909001,0.00,0.000000,0.000200,0.000
0.002999,4.912000,0.00,0.000000,0.000100,0.000
0.003000,4.915000,0.00,0.000000,-0.000100,0.000
0.003001,4.918001,0.00,0.000000,0.000100,0.000
0.002999,4.921000,0.00,0.000000,0.000200,0.000
0.003000,4.924000,0.00,0.000000,0.000100,0.000
0.003001,4.927001,0.00,0.000000,0.000100,0.000
0.002999,4.930000,0.00,0.000000,0.000300,0.000
0.003000,4.933000,0.00,0.000000,0.000200,0.000
0.003001,4.936001,0.00,0.000000,0.000100,0.000
0.002999,4.939000,0.00,0.000000,0.000200,0.000
0.003000,4.942000,0.00,0.000000,0.000100,0.000
0.003001,4.945001,0.00,0.000000,0.000100,0.000
0.002999,4.948000,0.00,0.000000,0.000200,0.000
0.003000,4.951000,0.00,0.000000,-0.000200,0.000
0.003001,4.954001,0.00,0.000000,0.000100,0.000
0.002999,4.957000,0.00,0.000000,0.000400,0.000
0.003000,4.960000,0.00,0.000000,0.000100,0.000
0.003001,4.963001,0.00,0.000000,0.000100,0.000
0.002999,4.966000,0.00,0.000000,0.000200,0.000
0.003000,4.969000,0.00,0.000000,0.000000,0.000
0.003001,4.972001,0.00,0.000000,0.000100,0.000
0.002999,4.975000,0.00,0.000000,0.000100,0.000
0.003000,4.978000,0.00,0.000000,-0.000100,0.000
0.003001,4.981001,0.00,0.000000,0.000100,0.000
0.002999,4.984000,0.00,0.000000,-0.000200,0.000
0.003000,4.987000,0.00,0.000000,0.000200,0.000
0.003001,4.990001,0.00,0.000000,0.000300,0.000
0.002999,4.993000,0.00,0.000000,-0.000100,0.000
0.003000,4.996000,0.00,0.000000,-0.000100,0.000
0.003001,4.999001,0.00,0.000000,-0.000100,0.000
-0.996000,5.003001,90.00,0.000000,1.934700,0.000
0.003000,5.006001,90.00,4.086624,1.513500,39.024
0.003000,5.009001,90.00,8.173248,1.632000,78.049
0.003000,5.012001,90.00,12.259873,1.276100,117.073
0.003000,5.015001,90.00,12.259873,1.030100,117.073
0.003000,5.018001,90.00,16.346497,0.960300,156.098
0.003000,5.021001,90.00,16.346497,0.944500,156.098
0.003000,5.024001,90.00,12.259873,0.848200,117.073
0.003000,5.027001,90.00,22.476435,0.824500,214.634
0.003000,5.030001,90.00,22.476435,0.667200,214.634
0.003000,5.033001,90.00,24.519747,0.534700,234.146
0.003000,5.036001,90.00,16.346497,0.539100,156.098
0.003000,5.039001,90.00,24.519747,0.552500,234.146
0.003000,5.042001,90.00,28.606371,0.432400,273.171
0.003000,5.045001,90.00,12.259873,0.436000,117.073
0.003000,5.048001,90.00,28.606371,0.364800,273.171
0.003000,5.051001,90.00,28.606371,0.342900,273.171
0.003000,5.054001,90.00,12.259873,0.298700,117.073
0.003000,5.057001,90.00,28.606371,0.270100,273.171
0.003000,5.060001,90.00,28.606371,0.293100,273.171
0.003000,5.063001,90.00,16.346497,0.311100,156.098
0.003000,5.066001,90.00,30.649685,0.242100,292.683
0.003000,5.069001,90.00,30.649685,0.208800,292.683
0.003000,5.072001,90.00,16.346497,0.194800,156.098
0.003000,5.075001,90.00,30.649685,0.223400,292.683
0.003000,5.078001,90.00,30.649685,0.178800,292.683
0.003000,5.081001,90.00,16.346497,0.164400,156.098
0.003000,5.084001,90.00,32.692993,0.191400,312.195
0.003000,5.087001,90.00,32.692993,0.145000,312.195
0.003000,5.090001,90.00,16.346497,0.151900,156.098
0.003000,5.093001,90.00,32.692993,0.170700,312.195
0.003000,5.096001,90.00,32.692993,0.120100,312.195
0.003000,5.099001,90.00,24.519747,0.116900,234.146
0.003000,5.102001,90.00,32.692993,0.185600,312.195
0.003000,5.105001,90.00,16.346497,0.137600,156.098
0.003000,5.108001,90.00,32.692993,0.147900,312.195
0.003000,5.111001,90.00,32.692993,0.134400,312.195
0.003000,5.114001,90.00,16.346497,0.112600,156.098
0.003000,5.117001,90.00,32.692993,0.143700,312.195
0.003000,5.120001,90.00,32.692993,0.099100,312.195
0.003000,5.123001,90.00,28.606371,0.137500,273.171
0.003000,5.126001,90.00,32.692993,0.111900,312.195
0.003000,5.129001,90.00,24.519747,0.087600,234.146
0.003000,5.132001,90.00,24.519747,0.141600,234.146
0.003000,5.135001,90.00,32.692993,0.109200,312.195
0.003000,5.138001,90.00,16.346497,0.108900,156.098
0.003000,5.141001,90.00,36.779621,0.104800,351.220
0.003000,5.144001,90.00,32.692993,0.090400,312.195
0.003000,5.147001,90.00,16.346497,0.127900,156.098
0.003000,5.150001,90.00,32.692993,0.088000,312.195
0.003000,5.153001,90.00,24.519747,0.132300,234.146
0.003000,5.156001,90.00,28.606371,0.082900,273.171
0.003000,5.159001,90.00,32.692993,0.129400,312.195
0.003000,5.162001,90.00,24.519747,0.130000,234.146
0.003000,5.165001,90.00,32.692993,0.082400,312.195
0.003000,5.168001,90.00,32.692993,0.109300,312.195
0.003000,5.171001,90.00,20.433123,0.085100,195.122
0.003000,5.174001,90.00,32.692993,0.124700,312.195
0.003000,5.177001,90.00,32.692993,0.081300,312.195
0.003000,5.180001,90.00,26.563059,0.089300,253.659
0.003000,5.183001,90.00,34.736305,0.141500,331.707
0.003000,5.186001,90.00,16.346497,0.090400,156.098
0.003000,5.189001,90.00,32.692993,0.125000,312.195
0.003000,5.192001,90.00,32.692993,0.081800,312.195
0.003000,5.195001,90.00,20.433123,0.120300,195.122
0.003000,5.198001,90.00,32.692993,0.093900,312.195
0.003000,5.201001,90.00,24.519747,0.081200,234.146
0.003000,5.204001,90.00,24.519747,0.126900,234.146
0.003000,5.207001,90.00,36.779621,0.086900,351.220
0.003000,5.210001,90.00,16.346497,0.146500,156.098
0.003000,5.213001,90.00,32.692993,0.082200,312.195
0.003000,5.216001,90.00,32.692993,0.098400,312.195
0.003000,5.219001,90.00,20.433123,0.092900,195.122
0.003000,5.222001,90.00,32.692993,0.110900,312.195
0.003000,5.225001,90.00,24.519747,0.086800,234.146
0.003000,5.228001,90.00,24.519747,0.072800,234.146
0.003000,5.231001,90.00,36.779621,0.147100,351.220
0.003000,5.234001,90.00,16.346497,0.096200,156.098
0.003000,5.237001,90.00,32.692993,0.108600,312.195
0.003000,5.240001,90.00,32.692993,0.089000,312.195
0.003000,5.243001,90.00,20.433123,0.112300,195.122
0.003000,5.246001,90.00,32.692993,0.099300,312.195
0.003000,5.249001,90.00,24.519747,0.069600,234.146
0.003000,5.252001,90.00,24.519747,0.125000,234.146
0.003000,5.255001,90.00,36.779621,0.078200,351.220
0.003000,5.258001,90.00,16.346497,0.143200,156.098
0.003000,5.261001,90.00,32.692993,0.086900,312.195
0.003000,5.264001,90.00,32.692993,0.092300,312.195
0.003000,5.267001,90.00,20.433123,0.101300,195.122
0.003000,5.270001,90.00,32.692993,0.077300,312.195
0.003000,5.273001,90.00,32.692993,0.091600,312.195
0.003000,5.276001,90.00,26.563059,0.069100,253.659
0.003000,5.279001,90.00,34.736305,0.143700,331.707
0.003000,5.282001,90.00,16.346497,0.099800,156.098
0.003000,5.285001,90.00,32.692993,0.097900,312.195
0.003000,5.288001,90.00,32.692993,0.094300,312.195
0.003000,5.291001,90.00,20.433123,0.101000,195.122
0.003000,5.294001,90.00,32.692993,0.104500,312.195
0.003000,5.297001,90.00,24.519747,0.066600,234.146
0.003000,5.300001,90.00,26.563059,0.121900,253.659
0.003000,5.303001,90.00,34.736305,0.094200,331.707
0.003000,5.306001,90.00,16.346497,0.139100,156.098
0.003000,5.309001,90.00,32.692993,0.090200,312.195
0.003000,5.312001,90.00,36.779621,0.086700,351.220
0.003000,5.315001,90.00,24.519747,0.110700,234.146
0.003000,5.318001,90.00,32.692993,0.077700,312.195
0.003000,5.321001,90.00,24.519747,0.095800,234.146
0.003000,5.324001,90.00,28.606371,0.068500,273.171
0.003000,5.327001,90.00,32.692993,0.139800,312.195
0.003000,5.330001,90.00,16.346497,0.102300,156.098
0.003000,5.333001,90.00,32.692993,0.089700,312.195
0.003000,5.336001,90.00,36.779621,0.096200,351.220
0.003000,5.339001,90.00,16.346497,0.094800,156.098
0.003000,5.342001,90.00,32.692993,0.110700,312.195
0.003000,5.345001,90.00,32.692993,0.067300,312.195
0.003000,5.348001,90.00,28.606371,0.121300,273.171
0.003000,5.351001,90.00,32.692993,0.098300,312.195
0.003000,5.354001,90.00,16.346497,0.135000,156.098
0.003000,5.357001,90.00,34.736305,0.090300,331.707
0.003000,5.360001,90.00,34.736305,0.081800,331.707
0.003000,5.363001,90.00,24.519747,0.112100,234.146
0.003000,5.366001,90.00,32.692993,0.075800,312.195
0.003000,5.369001,90.00,28.606371,0.135200,273.171
0.003000,5.372001,90.00,24.519747,0.069000,234.146
0.003000,5.375001,90.00,32.692993,0.138900,312.195
0.003000,5.378001,90.00,16.346497,0.104500,156.098
0.003000,5.381001,90.00,36.779621,0.087400,351.220
0.003000,5.384001,90.00,32.692993,0.097200,312.195
0.003000,5.387001,90.00,16.346497,0.067800,156.098
0.003000,5.390001,90.00,32.692993,0.112200,312.195
0.003000,5.393001,90.00,28.606371,0.067200,273.171
0.003000,5.396001,90.00,24.519747,0.118600,234.146
0.003000,5.399001,90.00,32.692993,0.099500,312.195
0.003000,5.402001,90.00,28.606371,0.092700,273.171
0.003000,5.405001,90.00,32.692993,0.093400,312.195
0.003000,5.408001,90.00,32.692993,0.081400,312.195
0.003000,5.411001,90.00,16.346497,0.112800,156.098
0.003000,5.414001,90.00,34.736305,0.074900,331.707
0.003000,5.417001,90.00,26.563059,0.132500,253.659
0.003000,5.420001,90.00,24.519747,0.092500,234.146
0.003000,5.423001,90.00,32.692993,0.138200,312.195
0.003000,5.426001,90.00,28.606371,0.104900,273.171
0.003000,5.429001,90.00,32.692993,0.086500,312.195
0.003000,5.432001,90.00,32.692993,0.098700,312.195
0.003000,5.435001,90.00,18.389811,0.068000,175.610
0.003000,5.438001,90.00,34.736305,0.112600,331.707
0.003000,5.441001,90.00,24.519747,0.066300,234.146
0.003000,5.444001,90.00,24.519747,0.117900,234.146
0.003000,5.447001,90.00,34.736305,0.099300,331.707
0.003000,5.450001,90.00,26.563059,0.091200,253.659
0.003000,5.453001,90.00,32.692993,0.112000,312.195
0.003000,5.456001,90.00,32.692993,0.080600,312.195
0.003000,5.459001,90.00,20.433123,0.112200,195.122
0.003000,5.462001,90.00,32.692993,0.075100,312.195
0.003000,5.465001,90.00,32.692993,0.132800,312.195
0.003000,5.468001,90.00,24.519747,0.092100,234.146
0.003000,5.471001,90.00,36.779621,0.137600,351.220
0.003000,5.474001,90.00,24.519747,0.104600,234.146
0.003000,5.477001,90.00,32.692993,0.086400,312.195
0.003000,5.480001,90.00,32.692993,0.098600,312.195
0.003000,5.483001,90.00,20.433123,0.068200,195.122
0.003000,5.486001,90.00,32.692993,0.136600,312.195
0.003000,5.489001,90.00,32.692993,0.066100,312.195
0.003000,5.492001,90.00,28.606371,0.118800,273.171
0.003000,5.495001,90.00,32.692993,0.098300,312.195
0.003000,5.498001,90.00,16.346497,0.091200,156.098
0.003000,5.501001,90.00,32.692993,0.109900,312.195
0.003000,5.504001,90.00,36.779621,0.081800,351.220
0.003000,5.507001,90.00,16.346497,0.112300,156.098
0.003000,5.510001,90.00,32.692993,0.075800,312.195
0.003000,5.513001,90.00,24.519747,0.134200,234.146
0.003000,5.516001,90.00,28.606371,0.090200,273.171
0.003000,5.519001,90.00,32.692993,0.082300,312.195
0.003000,5.522001,90.00,16.346497,0.101100,156.098
0.003000,5.525001,90.00,34.736305,0.087500,331.707
0.003000,5.528001,90.00,34.736305,0.095800,331.707
0.003000,5.531001,90.00,16.346497,0.068000,156.098
0.003000,5.534001,90.00,32.692993,0.138900,312.195
0.003000,5.537001,90.00,20.433123,0.065800,195.122
0.003000,5.540001,90.00,32.692993,0.118900,312.195
0.003000,5.543001,90.00,32.692993,0.095000,312.195
0.003000,5.546001,90.00,26.563059,0.093000,253.659
0.003000,5.549001,90.00,34.736305,0.107800,331.707
0.003000,5.552001,90.00,32.692993,0.064800,312.195
0.003000,5.555001,90.00,16.346497,0.107300,156.098
0.003000,5.558001,90.00,34.736305,0.074500,331.707
0.003000,5.561001,90.00,18.389811,0.136400,175.610
0.003000,5.564001,90.00,32.692993,0.089300,312.195
0.003000,5.567001,90.00,32.692993,0.086200,312.195
0.003000,5.570001,90.00,20.433123,0.099400,195.122
0.003000,5.573001,90.00,32.692993,0.091300,312.195
0.003000,5.576001,90.00,32.692993,0.090900,312.195
0.003000,5.579001,90.00,18.389811,0.066900,175.610
0.003000,5.582001,90.00,34.736305,0.140200,331.707
0.003000,5.585001,90.00,16.346497,0.098400,156.098
0.003000,5.588001,90.00,32.692993,0.122100,312.195
0.003000,5.591001,90.00,34.736305,0.091600,331.707
0.003000,5.594001,90.00,18.389811,0.098200,175.610
0.003000,5.597001,90.00,32.692993,0.105400,312.195
0.003000,5.600001,90.00,32.692993,0.066100,312.195
0.003000,5.603001,90.00,20.433123,0.101700,195.122
0.003000,5.606001,90.00,32.692993,0.072600,312.195
0.003000,5.609001,90.00,16.346497,0.135900,156.098
0.003000,5.612001,90.00,34.736305,0.085600,331.707
0.003000,5.615001,90.00,34.736305,0.089200,331.707
0.003000,5.618001,90.00,16.346497,0.100200,156.098
0.003000,5.621001,90.00,32.692993,0.097200,312.195
0.003000,5.624001,90.00,28.606371,0.088300,273.171
0.003000,5.627001,90.00,24.519747,0.067300,234.146
0.003000,5.630001,90.00,32.692993,0.141100,312.195
0.003000,5.633001,90.00,16.346497,0.094800,156.098
0.003000,5.636001,90.00,36.779621,0.122300,351.220
0.003000,5.639001,90.00,32.692993,0.087400,312.195
0.003000,5.642001,90.00,16.346497,0.106000,156.098
0.003000,5.645001,90.00,34.736305,0.099600,331.707
0.003000,5.648001,90.00,26.563059,0.068000,253.659
0.003000,5.651001,90.00,24.519747,0.125100,234.146
0.003000,5.654001,90.00,32.692993,0.074900,312.195
0.003000,5.657001,90.00,20.433123,0.139100,195.122
0.003000,5.660001,90.00,32.692993,0.082400,312.195
0.003000,5.663001,90.00,32.692993,0.092100,312.195
0.003000,5.666001,90.00,24.519747,0.096300,234.146
0.003000,5.669001,90.00,36.779621,0.104100,351.220
0.003000,5.672001,90.00,24.519747,0.087000,234.146
0.003000,5.675001,90.00,24.519747,0.068400,234.146
0.003000,5.678001,90.00,34.736305,0.142500,331.707
0.003000,5.681001,90.00,26.563059,0.092200,253.659
0.003000,5.684001,90.00,32.692993,0.105200,312.195
0.003000,5.687001,90.00,32.692993,0.084400,312.195
0.003000,5.690001,90.00,20.433123,0.109100,195.122
0.003000,5.693001,90.00,32.692993,0.095400,312.195
0.003000,5.696001,90.00,24.519747,0.069600,234.146
0.003000,5.699001,90.00,26.563059,0.124900,253.659
0.003000,5.702001,90.00,34.736305,0.078000,331.707
0.003000,5.705001,90.00,16.346497,0.139500,156.098
0.003000,5.708001,90.00,32.692993,0.079300,312.195
0.003000,5.711001,90.00,36.779621,0.094600,351.220
0.003000,5.714001,90.00,16.346497,0.089400,156.098
0.003000,5.717001,90.00,32.692993,0.078100,312.195
0.003000,5.720001,90.00,24.519747,0.082300,234.146
0.003000,5.723001,90.00,28.606371,0.070600,273.171
0.003000,5.726001,90.00,32.692993,0.141400,312.195
0.003000,5.729001,90.00,16.346497,0.088900,156.098
0.003000,5.732001,90.00,34.736305,0.108600,331.707
0.003000,5.735001,90.00,34.736305,0.079800,331.707
0.003000,5.738001,90.00,16.346497,0.113000,156.098
0.003000,5.741001,90.00,32.692993,0.093200,312.195
0.003000,5.744001,90.00,28.606371,0.074800,273.171
0.003000,5.747001,90.00,24.519747,0.121600,234.146
0.003000,5.750001,90.00,32.692993,0.078500,312.195
0.003000,5.753001,90.00,16.346497,0.140000,156.098
0.003000,5.756001,90.00,36.779621,0.077900,351.220
0.003000,5.759001,90.00,32.692993,0.098400,312.195
0.003000,5.762001,90.00,16.346497,0.086100,156.098
0.003000,5.765001,90.00,36.779621,0.084200,351.220
0.003000,5.768001,90.00,24.519747,0.079300,234.146
0.003000,5.771001,90.00,24.519747,0.074900,234.146
0.003000,5.774001,90.00,32.692993,0.138000,312.195
0.003000,5.777001,90.00,20.433123,0.084700,195.122
0.003000,5.780001,90.00,32.692993,0.110900,312.195
0.003000,5.783001,90.00,32.692993,0.078400,312.195
0.003000,5.786001,90.00,20.433123,0.117100,195.122
0.003000,5.789001,90.00,32.692993,0.089000,312.195
0.003000,5.792001,90.00,24.519747,0.081700,234.146
0.003000,5.795001,90.00,24.519747,0.119200,234.146
0.003000,5.798001,90.00,36.779621,0.076400,351.220
0.003000,5.801001,90.00,24.519747,0.135500,234.146
0.003000,5.804001,90.00,32.692993,0.075000,312.195
0.003000,5.807001,90.00,32.692993,0.099700,312.195
0.003000,5.810001,90.00,20.433123,0.082000,195.122
0.003000,5.813001,90.00,32.692993,0.093500,312.195
0.003000,5.816001,90.00,32.692993,0.134600,312.195
0.003000,5.819001,90.00,28.606371,0.082900,273.171
0.003000,5.822001,90.00,32.692993,0.129800,312.195
0.003000,5.825001,90.00,16.346497,0.082300,156.098
0.003000,5.828001,90.00,32.692993,0.115000,312.195
0.003000,5.831001,90.00,36.779621,0.073400,351.220
0.003000,5.834001,90.00,16.346497,0.118800,156.098
0.003000,5.837001,90.00,32.692993,0.084800,312.195
0.003000,5.840001,90.00,20.433123,0.092200,195.122
0.003000,5.843001,90.00,32.692993,0.113800,312.195
0.003000,5.846001,90.00,32.692993,0.075500,312.195
0.003000,5.849001,90.00,16.346497,0.119400,156.098
0.003000,5.852001,90.00,36.779621,0.073200,351.220
0.003000,5.855001,90.00,32.692993,0.101500,312.195
0.003000,5.858001,90.00,16.346497,0.077700,156.098
0.003000,5.861001,90.00,32.692993,0.103900,312.195
0.003000,5.864001,90.00,20.433123,0.124900,195.122
0.003000,5.867001,90.00,32.692993,0.092700,312.195
0.003000,5.870001,90.00,32.692993,0.118500,312.195
0.003000,5.873001,90.00,20.433123,0.081100,195.122
0.003000,5.876001,90.00,32.692993,0.117800,312.195
0.003000,5.879001,90.00,32.692993,0.069800,312.195
0.003000,5.882001,90.00,26.563059,0.097200,253.659
0.003000,5.885001,90.00,34.736305,0.079800,331.707
0.003000,5.888001,90.00,24.519747,0.106600,234.146
0.003000,5.891001,90.00,32.692993,0.105700,312.195
0.003000,5.894001,90.00,34.736305,0.072600,331.707
0.003000,5.897001,90.00,18.389811,0.119800,175.610
0.003000,5.900001,90.00,32.692993,0.080100,312.195
0.003000,5.903001,90.00,32.692993,0.105000,312.195
0.003000,5.906001,90.00,20.433123,0.072300,195.122
0.003000,5.909001,90.00,32.692993,0.120400,312.195
0.003000,5.912001,90.00,16.346497,0.112000,156.098
0.003000,5.915001,90.00,34.736305,0.074900,331.707
0.003000,5.918001,90.00,34.736305,0.108900,331.707
0.003000,5.921001,90.00,16.346497,0.083000,156.098
0.003000,5.924001,90.00,32.692993,0.117600,312.195
0.003000,5.927001,90.00,28.606371,0.067900,273.171
0.003000,5.930001,90.00,24.519747,0.106300,234.146
0.003000,5.933001,90.00,32.692993,0.108500,312.195
0.003000,5.936001,90.00,16.346497,0.120000,156.098
0.003000,5.939001,90.00,36.779621,0.099000,351.220
0.003000,5.942001,90.00,32.692993,0.073400,312.195
0.003000,5.945001,90.00,16.346497,0.119900,156.098
0.003000,5.948001,90.00,34.736305,0.075700,331.707
0.003000,5.951001,90.00,26.563059,0.104600,253.659
0.003000,5.954001,90.00,24.519747,0.070000,234.146
0.003000,5.957001,90.00,32.692993,0.128400,312.195
0.003000,5.960001,90.00,28.606371,0.109800,273.171
0.003000,5.963001,90.00,32.692993,0.078900,312.195
0.003000,5.966001,90.00,32.692993,0.102600,312.195
0.003000,5.969001,90.00,20.433123,0.084400,195.122
0.003000,5.972001,90.00,32.692993,0.115700,312.195
0.003000,5.975001,90.00,24.519747,0.064400,234.146
0.003000,5.978001,90.00,24.519747,0.111000,234.146
0.003000,5.981001,90.00,36.779621,0.098900,351.220
0.003000,5.984001,90.00,16.346497,0.128400,156.098
0.003000,5.987001,90.00,32.692993,0.095100,312.195
0.003000,5.990001,90.00,32.692993,0.078100,312.195
0.003000,5.993001,90.00,20.433123,0.112500,195.122
0.003000,5.996001,90.00,32.692993,0.073700,312.195
0.003000,5.999001,90.00,32.692993,0.129100,312.195
-0.996000,6.003001,0.00,0.000000,0.000200,0.000
0.003000,6.006001,0.00,0.000000,0.000000,0.000
0.003000,6.009001,0.00,0.000000,0.000000,0.000
0.003000,6.012001,0.00,0.000000,0.000100,0.000
0.002999,6.015000,0.00,0.000000,0.000300,0.000
0.003000,6.018000,0.00,0.000000,0.000100,0.000
0.003001,6.021001,0.00,0.000000,0.000200,0.000
0.002999,6.024000,0.00,0.000000,0.000300,0.000
0.003000,6.027000,0.00,0.000000,0.000100,0.000
0.003001,6.030001,0.00,0.000000,0.000000,0.000
0.002999,6.033000,0.00,0.000000,0.000000,0.000
0.003000,6.036000,0.00,0.000000,0.000500,0.000
0.003001,6.039001,0.00,0.000000,0.000100,0.000
0.002999,6.042000,0.00,0.000000,0.000300,0.000
0.003000,6.045000,0.00,0.000000,0.000200,0.000
0.003001,6.048001,0.00,0.000000,0.000000,0.000
0.002999,6.051000,0.00,0.000000,0.000200,0.000
0.003000,6.054000,0.00,0.000000,0.000200,0.000
0.003001,6.057001,0.00,0.000000,0.000400,0.000
0.002999,6.060000,0.00,0.000000,0.000200,0.000
0.003000,6.063000,0.00,0.000000,0.000300,0.000
0.003001,6.066001,0.00,0.000000,-0.000100,0.000
0.002999,6.069000,0.00,0.000000,0.000200,0.000
0.003000,6.072000,0.00,0.000000,0.000200,0.000
0.003001,6.075001,0.00,0.000000,0.000300,0.000
0.002999,6.078000,0.00,0.000000,0.000000,0.000
0.003000,6.081000,0.00,0.000000,0.000100,0.000
0.003001,6.084001,0.00,0.000000,0.000300,0.000
0.002999,6.087000,0.00,0.000000,-0.000100,0.000
0.003000,6.090000,0.00,0.000000,0.000000,0.000
0.003001,6.093001,0.00,0.000000,0.000200,0.000
0.002999,6.096000,0.00,0.000000,0.000100,0.000
0.003000,6.099000,0.00,0.000000,0.000200,0.000
0.003001,6.102001,0.00,0.000000,-0.000100,0.000
0.002999,6.105000,0.00,0.000000,0.000200,0.000
0.003000,6.108000,0.00,0.000000,0.000200,0.000
0.003001,6.111001,0.00,0.000000,-0.000100,0.000
0.002999,6.114000,0.00,0.000000,0.000200,0.000
0.003000,6.117000,0.00,0.000000,0.000100,0.000
0.003001,6.120001,0.00,0.000000,0.000300,0.000
0.002999,6.123000,0.00,0.000000,0.000300,0.000
0.003000,6.126000,0.00,0.000000,0.000200,0.000
0.003001,6.129001,0.00,0.000000,0.000100,0.000
0.002999,6.132000,0.00,0.000000,0.000400,0.000
0.003000,6.135000,0.00,0.000000,0.000200,0.000
0.003001,6.138001,0.00,0.000000,0.000300,0.000
0.002999,6.141000,0.00,0.000000,0.000100,0.000
0.003000,6.144000,0.00,0.000000,0.000100,0.000
0.003001,6.147001,0.00,0.000000,0.000000,0.000
0.002999,6.150000,0.00,0.000000,-0.000100,0.000
0.003000,6.153000,0.00,0.000000,0.000200,0.000
0.003001,6.156001,0.00,0.000000,0.000100,0.000
0.002999,6.159000,0.00,0.000000,0.000200,0.000
0.003000,6.162000,0.00,0.000000,0.000200,0.000
0.003001,6.165001,0.00,0.000000,0.000300,0.000
0.002999,6.168000,0.00,0.000000,0.000100,0.000
0.003000,6.171000,0.00,0.000000,0.000200,0.000
0.003001,6.174001,0.00,0.000000,0.000400,0.000
0.002999,6.177000,0.00,0.000000,0.000000,0.000
0.003000,6.180000,0.00,0.000000,0.000200,0.000
0.003001,6.183001,0.00,0.000000,0.000100,0.000
0.002999,6.186000,0.00,0.000000,0.000000,0.000
0.003000,6.189000,0.00,0.000000,0.000300,0.000
0.003001,6.192001,0.00,0.000000,0.000200,0.000
0.002999,6.195000,0.00,0.000000,-0.000100,0.000
0.003000,6.198000,0.00,0.000000,-0.000100,0.000
0.003001,6.201001,0.00,0.000000,-0.000100,0.000
0.002999,6.204000,0.00,0.000000,0.000100,0.000
0.003000,6.207000,0.00,0.000000,0.000100,0.000
0.003001,6.210001,0.00,0.000000,0.000200,0.000
0.002999,6.213000,0.00,0.000000,0.000100,0.000
0.003000,6.216000,0.00,0.000000,0.000100,0.000
0.003001,6.219001,0.00,0.000000,-0.000100,0.000
0.002999,6.222000,0.00,0.000000,0.000300,0.000
0.003000,6.225000,0.00,0.000000,0.000300,0.000
0.003001,6.228001,0.00,0.000000,0.000300,0.000
0.002999,6.231000,0.00,0.000000,-0.000100,0.000
0.003000,6.234000,0.00,0.000000,0.000200,0.000
0.003001,6.237001,0.00,0.000000,0.000400,0.000
0.002999,6.240000,0.00,0.000000,0.000100,0.000
0.003000,6.243000,0.00,0.000000,0.000200,0.000
0.003001,6.246001,0.00,0.000000,0.000200,0.000
0.002999,6.249000,0.00,0.000000,0.000200,0.000
0.003000,6.252000,0.00,0.000000,0.000200,0.000
0.003001,6.255001,0.00,0.000000,0.000100,0.000
0.002999,6.258000,0.00,0.000000,0.000500,0.000
0.003000,6.261000,0.00,0.000000,0.000300,0.000
0.003001,6.264001,0.00,0.000000,0.000000,0.000
0.002999,6.267000,0.00,0.000000,0.000200,0.000
0.003000,6.270000,0.00,0.000000,0.000100,0.000
0.003001,6.273001,0.00,0.000000,0.000300,0.000
0.002999,6.276000,0.00,0.000000,-0.000100,0.000
0.003000,6.279000,0.00,0.000000,0.000100,0.000
0.003001,6.282001,0.00,0.000000,0.000200,0.000
0.002999,6.285000,0.00,0.000000,0.000000,0.000
0.003000,6.288000,0.00,0.000000,0.000100,0.000
0.003001,6.291001,0.00,0.000000,-0.000100,0.000
0.002999,6.294000,0.00,0.000000,0.000000,0.000
0.003000,6.297000,0.00,0.000000,0.000100,0.000
0.003001,6.300001,0.00,0.000000,0.000200,0.000
0.002999,6.303000,0.00,0.000000,0.000200,0.000
0.003000,6.306000,0.00,0.000000,0.000100,0.000
0.003001,6.309001,0.00,0.000000,0.000200,0.000
0.002999,6.312000,0.00,0.000000,0.000200,0.000
0.003000,6.315000,0.00,0.000000,-0.000100,0.000
0.003001,6.318001,0.00,0.000000,0.000300,0.000
0.002999,6.321000,0.00,0.000000,0.000300,0.000
0.003000,6.324000,0.00,0.000000,0.000000,0.000
0.003001,6.327001,0.00,0.000000,0.000100,0.000
0.002999,6.330000,0.00,0.000000,0.000100,0.000
0.003000,6.333000,0.00,0.000000,0.000300,0.000
0.003001,6.336001,0.00,0.000000,0.000200,0.000
0.002999,6.339000,0.00,0.000000,0.000400,0.000
0.003000,6.342000,0.00,0.000000,0.000000,0.000
0.003001,6.345001,0.00,0.000000,0.000200,0.000
0.002999,6.348000,0.00,0.000000,0.000100,0.000
0.003000,6.351000,0.00,0.000000,0.000200,0.000
0.003001,6.354001,0.00,0.000000,0.000100,0.000
0.002999,6.357000,0.00,0.000000,0.000100,0.000
0.003000,6.360000,0.00,0.000000,0.000200,0.000
0.003001,6.363001,0.00,0.000000,0.000000,0.000
0.002999,6.366000,0.00,0.000000,0.000100,0.000
0.003000,6.369000,0.00,0.000000,0.000000,0.000
0.003001,6.372001,0.00,0.000000,0.000100,0.000
0.002999,6.375000,0.00,0.000000,0.000000,0.000
0.003000,6.378000,0.00,0.000000,0.000100,0.000
0.003001,6.381001,0.00,0.000000,0.000200,0.000
0.002999,6.384000,0.00,0.000000,0.000300,0.000
0.003000,6.387000,0.00,0.000000,0.000000,0.000
0.003001,6.390001,0.00,0.000000,0.000100,0.000
0.002999,6.393000,0.00,0.000000,0.000000,0.000
0.003000,6.396000,0.00,0.000000,0.000200,0.000
0.003001,6.399001,0.00,0.000000,0.000600,0.000
0.002999,6.402000,0.00,0.000000,-0.000100,0.000
0.003000,6.405000,0.00,0.000000,0.000000,0.000
0.003001,6.408001,0.00,0.000000,0.000200,0.000
0.002999,6.411000,0.00,0.000000,0.000300,0.000
0.003000,6.414000,0.00,0.000000,0.000100,0.000
0.003001,6.417001,0.00,0.000000,0.000000,0.000
0.002999,6.420000,0.00,0.000000,0.000100,0.000
0.003000,6.423000,0.00,0.000000,0.000200,0.000
0.003001,6.426001,0.00,0.000000,0.000300,0.000
0.002999,6.429000,0.00,0.000000,0.000200,0.000
0.003000,6.432000,0.00,0.000000,0.000300,0.000
0.003001,6.435001,0.00,0.000000,0.000100,0.000
0.002999,6.438000,0.00,0.000000,0.000300,0.000
0.003000,6.441000,0.00,0.000000,0.000200,0.000
0.003001,6.444001,0.00,0.000000,0.000100,0.000
0.002999,6.447000,0.00,0.000000,0.000100,0.000
0.003000,6.450000,0.00,0.000000,0.000000,0.000
0.003001,6.453001,0.00,0.000000,0.000300,0.000
0.002999,6.456000,0.00,0.000000,0.000200,0.000
0.003000,6.459000,0.00,0.000000,0.000100,0.000
0.003001,6.462001,0.00,0.000000,0.000000,0.000
0.002999,6.465000,0.00,0.000000,-0.000100,0.000
0.003000,6.468000,0.00,0.000000,0.000000,0.000
0.003001,6.471001,0.00,0.000000,0.000100,0.000
0.002999,6.474000,0.00,0.000000,-0.000100,0.000
0.003000,6.477000,0.00,0.000000,0.000100,0.000
0.003001,6.480001,0.00,0.000000,0.000200,0.000
0.002999,6.483000,0.00,0.000000,0.000000,0.000
0.003000,6.486000,0.00,0.000000,0.000200,0.000
0.003001,6.489001,0.00,0.000000,0.000100,0.000
0.002999,6.492000,0.00,0.000000,-0.000100,0.000
0.003000,6.495000,0.00,0.000000,0.000200,0.000
0.003001,6.498001,0.00,0.000000,0.000200,0.000
0.002999,6.501000,0.00,0.000000,0.000200,0.000
0.003000,6.504000,0.00,0.000000,0.000100,0.000
0.003001,6.507001,0.00,0.000000,0.000100,0.000
0.002999,6.510000,0.00,0.000000,0.000200,0.000
0.003000,6.513000,0.00,0.000000,0.000100,0.000
0.003001,6.516001,0.00,0.000000,0.000200,0.000
0.002999,6.519000,0.00,0.000000,0.000200,0.000
0.003000,6.522000,0.00,0.000000,0.000100,0.000
0.003001,6.525001,0.00,0.000000,0.000000,0.000
0.002999,6.528000,0.00,0.000000,0.000300,0.000
0.003000,6.531000,0.00,0.000000,0.000000,0.000
0.003001,6.534001,0.00,0.000000,0.000000,0.000
0.002999,6.537000,0.00,0.000000,0.000300,0.000
0.003000,6.540000,0.00,0.000000,0.000100,0.000
0.003001,6.543001,0.00,0.000000,0.000400,0.000
0.002999,6.546000,0.00,0.000000,0.000000,0.000
0.003000,6.549000,0.00,0.000000,0.000100,0.000
0.003001,6.552001,0.00,0.000000,0.000000,0.000
0.002999,6.555000,0.00,0.000000,0.000200,0.000
0.003000,6.558000,0.00,0.000000,0.000000,0.000
0.003001,6.561001,0.00,0.000000,0.000200,0.000
0.002999,6.564000,0.00,0.000000,0.000200,0.000
0.003000,6.567000,0.00,0.000000,0.000100,0.000
0.003001,6.570001,0.00,0.000000,0.000200,0.000
0.002999,6.573000,0.00,0.000000,0.000000,0.000
0.003000,6.576000,0.00,0.000000,0.000000,0.000
0.003001,6.579001,0.00,0.000000,0.000200,0.000
0.002999,6.582000,0.00,0.000000,0.000100,0.000
0.003000,6.585000,0.00,0.000000,-0.000100,0.000
0.003001,6.588001,0.00,0.000000,0.000000,0.000
0.002999,6.591000,0.00,0.000000,0.000200,0.000
0.003000,6.594000,0.00,0.000000,0.000000,0.000
0.003001,6.597001,0.00,0.000000,0.000100,0.000
0.002999,6.600000,0.00,0.000000,0.000300,0.000
0.003000,6.603000,0.00,0.000000,0.000100,0.000
0.003001,6.606001,0.00,0.000000,0.000400,0.000
0.002999,6.609000,0.00,0.000000,0.000200,0.000
0.003000,6.612000,0.00,0.000000,0.000200,0.000
0.003001,6.615001,0.00,0.000000,0.000300,0.000
0.002999,6.618000,0.00,0.000000,-0.000200,0.000
0.003000,6.621000,0.00,0.000000,0.000000,0.000
0.003001,6.624001,0.00,0.000000,0.000100,0.000
0.002999,6.627000,0.00,0.000000,0.000100,0.000
0.003000,6.630000,0.00,0.000000,0.000200,0.000
0.003001,6.633001,0.00,0.000000,0.000200,0.000
0.002999,6.636000,0.00,0.000000,0.000100,0.000
0.003000,6.639000,0.00,0.000000,0.000100,0.000
0.003001,6.642001,0.00,0.000000,0.000200,0.000
0.002999,6.645000,0.00,0.000000,0.000000,0.000
0.003000,6.648000,0.00,0.000000,0.000200,0.000
0.003001,6.651001,0.00,0.000000,0.000000,0.000
0.002999,6.654000,0.00,0.000000,0.000100,0.000
0.003000,6.657000,0.00,0.000000,0.000200,0.000
0.003001,6.660001,0.00,0.000000,0.000400,0.000
0.002999,6.663000,0.00,0.000000,0.000300,0.000
0.003000,6.666000,0.00,0.000000,0.000300,0.000
0.003001,6.669001,0.00,0.000000,0.000300,0.000
0.002999,6.672000,0.00,0.000000,0.000100,0.000
0.003000,6.675000,0.00,0.000000,0.000300,0.000
0.003001,6.678001,0.00,0.000000,0.000100,0.000
0.002999,6.681000,0.00,0.000000,0.000300,0.000
0.003000,6.684000,0.00,0.000000,0.000000,0.000
0.003001,6.687001,0.00,0.000000,0.000300,0.000
0.002999,6.690000,0.00,0.000000,0.000300,0.000
0.003000,6.693000,0.00,0.000000,-0.000100,0.000
0.003001,6.696001,0.00,0.000000,0.000200,0.000
0.002999,6.699000,0.00,0.000000,0.000200,0.000
0.003000,6.702000,0.00,0.000000,0.000200,0.000
0.003001,6.705001,0.00,0.000000,0.000200,0.000
0.002999,6.708000,0.00,0.000000,0.000300,0.000
0.003000,6.711000,0.00,0.000000,0.000000,0.000
0.003001,6.714001,0.00,0.000000,0.000100,0.000
0.002999,6.717000,0.00,0.000000,0.000400,0.000
0.003000,6.720000,0.00,0.000000,0.000300,0.000
0.003001,6.723001,0.00,0.000000,0.000200,0.000
0.002999,6.726000,0.00,0.000000,0.000200,0.000
0.003000,6.729000,0.00,0.000000,0.000100,0.000
0.003001,6.732001,0.00,0.000000,0.000100,0.000
0.002999,6.735000,0.00,0.000000,0.000100,0.000
0.003000,6.738000,0.00,0.000000,0.000100,0.000
0.003001,6.741001,0.00,0.000000,0.000100,0.000
0.002999,6.744000,0.00,0.000000,0.000000,0.000
0.003000,6.747000,0.00,0.000000,0.000100,0.000
0.003001,6.750001,0.00,0.000000,0.000200,0.000
0.002999,6.753000,0.00,0.000000,0.000200,0.000
0.003000,6.756000,0.00,0.000000,0.000000,0.000
0.003001,6.759001,0.00,0.000000,0.000300,0.000
0.002999,6.762000,0.00,0.000000,0.000200,0.000
0.003000,6.765000,0.00,0.000000,0.000200,0.000
0.003001,6.768001,0.00,0.000000,0.000200,0.000
0.002999,6.771000,0.00,0.000000,0.000200,0.000
0.003000,6.774000,0.00,0.000000,0.000000,0.000
0.003001,6.777001,0.00,0.000000,0.000100,0.000
0.002999,6.780000,0.00,0.000000,0.000100,0.000
0.003000,6.783000,0.00,0.000000,0.000300,0.000
0.003001,6.786001,0.00,0.000000,0.000100,0.000
0.002999,6.789000,0.00,0.000000,0.000400,0.000
0.003000,6.792000,0.00,0.000000,0.000100,0.000
0.003001,6.795001,0.00,0.000000,0.000400,0.000
0.002999,6.798000,0.00,0.000000,0.000000,0.000
0.003000,6.801000,0.00,0.000000,0.000100,0.000
0.003001,6.804001,0.00,0.000000,0.000100,0.000
0.002999,6.807000,0.00,0.000000,0.000200,0.000
0.003000,6.810000,0.00,0.000000,0.000100,0.000
0.003001,6.813001,0.00,0.000000,0.000200,0.000
0.002999,6.816000,0.00,0.000000,0.000100,0.000
0.003000,6.819000,0.00,0.000000,0.000100,0.000
0.003001,6.822001,0.00,0.000000,0.000300,0.000
0.002999,6.825000,0.00,0.000000,0.000000,0.000
0.003000,6.828000,0.00,0.000000,-0.000100,0.000
0.003001,6.831001,0.00,0.000000,0.000300,0.000
0.002999,6.834000,0.00,0.000000,0.000500,0.000
0.003000,6.837000,0.00,0.000000,0.000300,0.000
0.003001,6.840001,0.00,0.000000,0.000200,0.000
0.002999,6.843000,0.00,0.000000,0.000200,0.000
0.003000,6.846000,0.00,0.000000,0.000000,0.000
0.003001,6.849001,0.00,0.000000,0.000100,0.000
0.002999,6.852000,0.00,0.000000,-0.000100,0.000
0.003000,6.855000,0.00,0.000000,0.000000,0.000
0.003001,6.858001,0.00,0.000000,0.000200,0.000
0.002999,6.861000,0.00,0.000000,-0.000200,0.000
0.003000,6.864000,0.00,0.000000,0.000000,0.000
0.003001,6.867001,0.00,0.000000,0.000200,0.000
0.002999,6.870000,0.00,0.000000,0.000200,0.000
0.003000,6.873000,0.00,0.000000,0.000100,0.000
0.003001,6.876001,0.00,0.000000,0.000000,0.000
0.002999,6.879000,0.00,0.000000,0.000300,0.000
0.003000,6.882000,0.00,0.000000,0.000200,0.000
0.003001,6.885001,0.00,0.000000,0.000400,0.000
0.002999,6.888000,0.00,0.000000,0.000300,0.000
0.003000,6.891000,0.00,0.000000,0.000200,0.000
0.003001,6.894001,0.00,0.000000,0.000200,0.000
0.002999,6.897000,0.00,0.000000,0.000000,0.000
0.003000,6.900000,0.00,0.000000,0.000200,0.000
0.003001,6.903001,0.00,0.000000,0.000100,0.000
0.002999,6.906000,0.00,0.000000,0.000200,0.000
0.003000,6.909000,0.00,0.000000,0.000200,0.000
0.003001,6.912001,0.00,0.000000,0.000100,0.000
0.002999,6.915000,0.00,0.000000,0.000500,0.000
0.003000,6.918000,0.00,0.000000,0.000000,0.000
0.003001,6.921001,0.00,0.000000,0.000300,0.000
0.002999,6.924000,0.00,0.000000,0.000200,0.000
0.003000,6.927000,0.00,0.000000,0.000000,0.000
0.003001,6.930001,0.00,0.000000,0.000100,0.000
0.002999,6.933000,0.00,0.000000,0.000000,0.000
0.003000,6.936000,0.00,0.000000,-0.000100,0.000
0.003001,6.939001,0.00,0.000000,0.000100,0.000
0.002999,6.942000,0.00,0.000000,0.000100,0.000
0.003000,6.945000,0.00,0.000000,0.000100,0.000
0.003001,6.948001,0.00,0.000000,0.000300,0.000
0.002999,6.951000,0.00,0.000000,0.000100,0.000
0.003000,6.954000,0.00,0.000000,0.000200,0.000
0.003001,6.957001,0.00,0.000000,0.000100,0.000
0.002999,6.960000,0.00,0.000000,0.000000,0.000
0.003000,6.963000,0.00,0.000000,0.000200,0.000
0.003001,6.966001,0.00,0.000000,0.000100,0.000
0.002999,6.969000,0.00,0.000000,0.000200,0.000
0.003000,6.972000,0.00,0.000000,0.000200,0.000
0.003001,6.975001,0.00,0.000000,0.000000,0.000
0.002999,6.978000,0.00,0.000000,0.000300,0.000
0.003000,6.981000,0.00,0.000000,0.000300,0.000
0.003001,6.984001,0.00,0.000000,0.000100,0.000
0.002999,6.987000,0.00,0.000000,0.000300,0.000
0.003000,6.990000,0.00,0.000000,0.000100,0.000
0.003001,6.993001,0.00,0.000000,0.000200,0.000
0.002999,6.996000,0.00,0.000000,0.000200,0.000
0.003000,6.999000,0.00,0.000000,0.000400,0.000
